--------------------------------------------------------
--  파일이 생성됨 - 월요일-6월-03-2024   
--------------------------------------------------------
--------------------------------------------------------
--  DDL for Sequence CARTS_NO_SEQ
--------------------------------------------------------

   CREATE SEQUENCE  "CAMPCAMP"."CARTS_NO_SEQ"  MINVALUE 1 MAXVALUE 9999999999999999999999999999 INCREMENT BY 1 START WITH 201 CACHE 20 NOORDER  NOCYCLE  NOKEEP  NOSCALE  GLOBAL ;
--------------------------------------------------------
--  DDL for Sequence DELI_NO_CEQ
--------------------------------------------------------

   CREATE SEQUENCE  "CAMPCAMP"."DELI_NO_CEQ"  MINVALUE 1 MAXVALUE 9999999999999999999999999999 INCREMENT BY 1 START WITH 21 CACHE 20 NOORDER  NOCYCLE  NOKEEP  NOSCALE  GLOBAL ;
--------------------------------------------------------
--  DDL for Sequence NOTICE_NO_SEQ
--------------------------------------------------------

   CREATE SEQUENCE  "CAMPCAMP"."NOTICE_NO_SEQ"  MINVALUE 1 MAXVALUE 9999999999999999999999999999 INCREMENT BY 1 START WITH 22 NOCACHE  NOORDER  NOCYCLE  NOKEEP  NOSCALE  GLOBAL ;
--------------------------------------------------------
--  DDL for Sequence ORDER_DETAIL_SEQ
--------------------------------------------------------

   CREATE SEQUENCE  "CAMPCAMP"."ORDER_DETAIL_SEQ"  MINVALUE 1 MAXVALUE 9999999999999999999999999999 INCREMENT BY 1 START WITH 61 CACHE 20 NOORDER  NOCYCLE  NOKEEP  NOSCALE  GLOBAL ;
--------------------------------------------------------
--  DDL for Sequence ORDER_NO_SEQ
--------------------------------------------------------

   CREATE SEQUENCE  "CAMPCAMP"."ORDER_NO_SEQ"  MINVALUE 1 MAXVALUE 9999999999999999999999999999 INCREMENT BY 1 START WITH 41 CACHE 20 NOORDER  NOCYCLE  NOKEEP  NOSCALE  GLOBAL ;
--------------------------------------------------------
--  DDL for Sequence PRODUCT_NO_SEQ
--------------------------------------------------------

   CREATE SEQUENCE  "CAMPCAMP"."PRODUCT_NO_SEQ"  MINVALUE 1 MAXVALUE 99999 INCREMENT BY 1 START WITH 10881 CACHE 20 NOORDER  NOCYCLE  NOKEEP  NOSCALE  GLOBAL ;
--------------------------------------------------------
--  DDL for Sequence QNA_NO_SEQ
--------------------------------------------------------

   CREATE SEQUENCE  "CAMPCAMP"."QNA_NO_SEQ"  MINVALUE 1 MAXVALUE 9999999999999999999999999999 INCREMENT BY 1 START WITH 101 CACHE 20 NOORDER  NOCYCLE  NOKEEP  NOSCALE  GLOBAL ;
--------------------------------------------------------
--  DDL for Sequence REPLY_NO_SEQ
--------------------------------------------------------

   CREATE SEQUENCE  "CAMPCAMP"."REPLY_NO_SEQ"  MINVALUE 1 MAXVALUE 9999999999999999999999999999 INCREMENT BY 1 START WITH 41 CACHE 20 NOORDER  NOCYCLE  NOKEEP  NOSCALE  GLOBAL ;
--------------------------------------------------------
--  DDL for Sequence REVIEWS_NO_SEQ
--------------------------------------------------------

   CREATE SEQUENCE  "CAMPCAMP"."REVIEWS_NO_SEQ"  MINVALUE 1 MAXVALUE 9999999999999999999999999999 INCREMENT BY 1 START WITH 41 CACHE 20 NOORDER  NOCYCLE  NOKEEP  NOSCALE  GLOBAL ;
--------------------------------------------------------
--  DDL for Table CARTS
--------------------------------------------------------

  CREATE TABLE "CAMPCAMP"."CARTS" 
   (	"CART_NO" NUMBER, 
	"USER_ID" VARCHAR2(50 BYTE), 
	"PRODUCT_NO" NUMBER, 
	"PRICE" NUMBER, 
	"QTY" NUMBER
   ) SEGMENT CREATION IMMEDIATE 
  PCTFREE 10 PCTUSED 40 INITRANS 1 MAXTRANS 255 
 NOCOMPRESS LOGGING
  STORAGE(INITIAL 65536 NEXT 1048576 MINEXTENTS 1 MAXEXTENTS 2147483645
  PCTINCREASE 0 FREELISTS 1 FREELIST GROUPS 1
  BUFFER_POOL DEFAULT FLASH_CACHE DEFAULT CELL_FLASH_CACHE DEFAULT)
  TABLESPACE "USERS" ;
--------------------------------------------------------
--  DDL for Table CATEGORY
--------------------------------------------------------

  CREATE TABLE "CAMPCAMP"."CATEGORY" 
   (	"CATEGORY_CODE" VARCHAR2(10 BYTE), 
	"CATEGORY_NAME" VARCHAR2(100 BYTE), 
	"PRE_CATEGORY" VARCHAR2(10 BYTE), 
	"CATEGORY_IMG" VARCHAR2(100 BYTE)
   ) SEGMENT CREATION IMMEDIATE 
  PCTFREE 10 PCTUSED 40 INITRANS 1 MAXTRANS 255 
 NOCOMPRESS LOGGING
  STORAGE(INITIAL 65536 NEXT 1048576 MINEXTENTS 1 MAXEXTENTS 2147483645
  PCTINCREASE 0 FREELISTS 1 FREELIST GROUPS 1
  BUFFER_POOL DEFAULT FLASH_CACHE DEFAULT CELL_FLASH_CACHE DEFAULT)
  TABLESPACE "USERS" ;
--------------------------------------------------------
--  DDL for Table DELIVERY
--------------------------------------------------------

  CREATE TABLE "CAMPCAMP"."DELIVERY" 
   (	"DELI_NO" NUMBER, 
	"USER_ID" VARCHAR2(50 BYTE), 
	"ORDER_NO" NUMBER, 
	"DELI_DATE" DATE DEFAULT sysdate, 
	"DELI_STATUS" NUMBER DEFAULT 0
   ) SEGMENT CREATION IMMEDIATE 
  PCTFREE 10 PCTUSED 40 INITRANS 1 MAXTRANS 255 
 NOCOMPRESS LOGGING
  STORAGE(INITIAL 65536 NEXT 1048576 MINEXTENTS 1 MAXEXTENTS 2147483645
  PCTINCREASE 0 FREELISTS 1 FREELIST GROUPS 1
  BUFFER_POOL DEFAULT FLASH_CACHE DEFAULT CELL_FLASH_CACHE DEFAULT)
  TABLESPACE "USERS" ;

   COMMENT ON COLUMN "CAMPCAMP"."DELIVERY"."DELI_STATUS" IS '배송중 0
배송완료 1';
--------------------------------------------------------
--  DDL for Table LIKES
--------------------------------------------------------

  CREATE TABLE "CAMPCAMP"."LIKES" 
   (	"USER_ID" VARCHAR2(50 BYTE), 
	"PRODUCT_NO" NUMBER, 
	"LIKE_STATUS" NUMBER DEFAULT 1
   ) SEGMENT CREATION IMMEDIATE 
  PCTFREE 10 PCTUSED 40 INITRANS 1 MAXTRANS 255 
 NOCOMPRESS LOGGING
  STORAGE(INITIAL 65536 NEXT 1048576 MINEXTENTS 1 MAXEXTENTS 2147483645
  PCTINCREASE 0 FREELISTS 1 FREELIST GROUPS 1
  BUFFER_POOL DEFAULT FLASH_CACHE DEFAULT CELL_FLASH_CACHE DEFAULT)
  TABLESPACE "USERS" ;

   COMMENT ON COLUMN "CAMPCAMP"."LIKES"."LIKE_STATUS" IS '좋아요없다 0
좋아요했다 1';
--------------------------------------------------------
--  DDL for Table NOTICE
--------------------------------------------------------

  CREATE TABLE "CAMPCAMP"."NOTICE" 
   (	"NOTICE_NO" NUMBER, 
	"USER_ID" VARCHAR2(50 BYTE), 
	"NOTICE_SUBJECT" VARCHAR2(100 BYTE), 
	"NOTICE_CONTENT" VARCHAR2(1000 BYTE), 
	"NOTICE_DATE" DATE DEFAULT SYSDATE
   ) SEGMENT CREATION IMMEDIATE 
  PCTFREE 10 PCTUSED 40 INITRANS 1 MAXTRANS 255 
 NOCOMPRESS LOGGING
  STORAGE(INITIAL 65536 NEXT 1048576 MINEXTENTS 1 MAXEXTENTS 2147483645
  PCTINCREASE 0 FREELISTS 1 FREELIST GROUPS 1
  BUFFER_POOL DEFAULT FLASH_CACHE DEFAULT CELL_FLASH_CACHE DEFAULT)
  TABLESPACE "USERS" ;
--------------------------------------------------------
--  DDL for Table ORDERDETAIL
--------------------------------------------------------

  CREATE TABLE "CAMPCAMP"."ORDERDETAIL" 
   (	"ORDER_DETAIL_NO" VARCHAR2(255 BYTE), 
	"ORDER_NO" NUMBER, 
	"USER_ID" VARCHAR2(50 BYTE), 
	"QUANTITY" NUMBER, 
	"PRODUCT_NAME" VARCHAR2(100 BYTE), 
	"PRICE" NUMBER, 
	"AMOUNT" NUMBER
   ) SEGMENT CREATION IMMEDIATE 
  PCTFREE 10 PCTUSED 40 INITRANS 1 MAXTRANS 255 
 NOCOMPRESS LOGGING
  STORAGE(INITIAL 65536 NEXT 1048576 MINEXTENTS 1 MAXEXTENTS 2147483645
  PCTINCREASE 0 FREELISTS 1 FREELIST GROUPS 1
  BUFFER_POOL DEFAULT FLASH_CACHE DEFAULT CELL_FLASH_CACHE DEFAULT)
  TABLESPACE "USERS" ;
--------------------------------------------------------
--  DDL for Table ORDERS
--------------------------------------------------------

  CREATE TABLE "CAMPCAMP"."ORDERS" 
   (	"ORDER_NO" NUMBER, 
	"CART_NO" NUMBER, 
	"USER_ID" VARCHAR2(50 BYTE), 
	"ORDER_DATE" DATE DEFAULT sysdate, 
	"ADDRESS" VARCHAR2(100 BYTE), 
	"AMOUNT" NUMBER, 
	"ORDER_STATUS" VARCHAR2(10 BYTE)
   ) SEGMENT CREATION IMMEDIATE 
  PCTFREE 10 PCTUSED 40 INITRANS 1 MAXTRANS 255 
 NOCOMPRESS LOGGING
  STORAGE(INITIAL 65536 NEXT 1048576 MINEXTENTS 1 MAXEXTENTS 2147483645
  PCTINCREASE 0 FREELISTS 1 FREELIST GROUPS 1
  BUFFER_POOL DEFAULT FLASH_CACHE DEFAULT CELL_FLASH_CACHE DEFAULT)
  TABLESPACE "USERS" ;
--------------------------------------------------------
--  DDL for Table PRODUCTS
--------------------------------------------------------

  CREATE TABLE "CAMPCAMP"."PRODUCTS" 
   (	"PRODUCT_NO" NUMBER, 
	"CATEGORY_CODE" VARCHAR2(10 BYTE), 
	"PRODUCT_NAME" VARCHAR2(100 BYTE), 
	"PRICE" NUMBER, 
	"OFF_PRICE" NUMBER DEFAULT 0, 
	"EXPLAIN" VARCHAR2(200 BYTE), 
	"PRODUCT_IMG" VARCHAR2(100 BYTE), 
	"PRODUCT_CNT" NUMBER, 
	"RATING" NUMBER(9,2), 
	"INPUT_DATE" DATE DEFAULT sysdate, 
	"EXPLAIN_IMG1" VARCHAR2(100 BYTE), 
	"EXPLAIN_IMG2" VARCHAR2(100 BYTE), 
	"PRODUCT_IMG2" VARCHAR2(100 BYTE), 
	"PRODUCT_IMG3" VARCHAR2(100 BYTE)
   ) SEGMENT CREATION IMMEDIATE 
  PCTFREE 10 PCTUSED 40 INITRANS 1 MAXTRANS 255 
 NOCOMPRESS LOGGING
  STORAGE(INITIAL 65536 NEXT 1048576 MINEXTENTS 1 MAXEXTENTS 2147483645
  PCTINCREASE 0 FREELISTS 1 FREELIST GROUPS 1
  BUFFER_POOL DEFAULT FLASH_CACHE DEFAULT CELL_FLASH_CACHE DEFAULT)
  TABLESPACE "USERS" ;
--------------------------------------------------------
--  DDL for Table QNA
--------------------------------------------------------

  CREATE TABLE "CAMPCAMP"."QNA" 
   (	"BOARD_NO" NUMBER, 
	"USER_ID" VARCHAR2(50 BYTE), 
	"TITLE" VARCHAR2(50 BYTE), 
	"CONTENT" VARCHAR2(255 BYTE), 
	"CREATE_DATE" DATE, 
	"BOARD_PW" VARCHAR2(100 BYTE)
   ) SEGMENT CREATION IMMEDIATE 
  PCTFREE 10 PCTUSED 40 INITRANS 1 MAXTRANS 255 
 NOCOMPRESS LOGGING
  STORAGE(INITIAL 65536 NEXT 1048576 MINEXTENTS 1 MAXEXTENTS 2147483645
  PCTINCREASE 0 FREELISTS 1 FREELIST GROUPS 1
  BUFFER_POOL DEFAULT FLASH_CACHE DEFAULT CELL_FLASH_CACHE DEFAULT)
  TABLESPACE "USERS" ;
--------------------------------------------------------
--  DDL for Table REPLY
--------------------------------------------------------

  CREATE TABLE "CAMPCAMP"."REPLY" 
   (	"REPLY_NO" NUMBER, 
	"BOARD_NO" NUMBER, 
	"REPLY" VARCHAR2(255 BYTE), 
	"RDATE" DATE DEFAULT sysdate
   ) SEGMENT CREATION IMMEDIATE 
  PCTFREE 10 PCTUSED 40 INITRANS 1 MAXTRANS 255 
 NOCOMPRESS LOGGING
  STORAGE(INITIAL 65536 NEXT 1048576 MINEXTENTS 1 MAXEXTENTS 2147483645
  PCTINCREASE 0 FREELISTS 1 FREELIST GROUPS 1
  BUFFER_POOL DEFAULT FLASH_CACHE DEFAULT CELL_FLASH_CACHE DEFAULT)
  TABLESPACE "USERS" ;
--------------------------------------------------------
--  DDL for Table REVIEWS
--------------------------------------------------------

  CREATE TABLE "CAMPCAMP"."REVIEWS" 
   (	"REVIEW_NO" NUMBER, 
	"USER_ID" VARCHAR2(50 BYTE), 
	"PRODUCT_NO" NUMBER, 
	"CONTENT" VARCHAR2(200 BYTE), 
	"RDATE" DATE DEFAULT sysdate, 
	"RATING" NUMBER DEFAULT 5
   ) SEGMENT CREATION IMMEDIATE 
  PCTFREE 10 PCTUSED 40 INITRANS 1 MAXTRANS 255 
 NOCOMPRESS LOGGING
  STORAGE(INITIAL 65536 NEXT 1048576 MINEXTENTS 1 MAXEXTENTS 2147483645
  PCTINCREASE 0 FREELISTS 1 FREELIST GROUPS 1
  BUFFER_POOL DEFAULT FLASH_CACHE DEFAULT CELL_FLASH_CACHE DEFAULT)
  TABLESPACE "USERS" ;
--------------------------------------------------------
--  DDL for Table USERS
--------------------------------------------------------

  CREATE TABLE "CAMPCAMP"."USERS" 
   (	"USER_ID" VARCHAR2(50 BYTE), 
	"PASSWORD" VARCHAR2(100 BYTE), 
	"USER_NAME" VARCHAR2(100 BYTE), 
	"EMAIL" VARCHAR2(100 BYTE), 
	"USER_TEL" VARCHAR2(100 BYTE), 
	"HIRE_DATE" DATE DEFAULT sysdate, 
	"USER_RESP" VARCHAR2(20 BYTE) DEFAULT user, 
	"ADDRESS" VARCHAR2(100 BYTE)
   ) SEGMENT CREATION IMMEDIATE 
  PCTFREE 10 PCTUSED 40 INITRANS 1 MAXTRANS 255 
 NOCOMPRESS LOGGING
  STORAGE(INITIAL 65536 NEXT 1048576 MINEXTENTS 1 MAXEXTENTS 2147483645
  PCTINCREASE 0 FREELISTS 1 FREELIST GROUPS 1
  BUFFER_POOL DEFAULT FLASH_CACHE DEFAULT CELL_FLASH_CACHE DEFAULT)
  TABLESPACE "USERS" ;
REM INSERTING into CAMPCAMP.CARTS
SET DEFINE OFF;
Insert into CAMPCAMP.CARTS (CART_NO,USER_ID,PRODUCT_NO,PRICE,QTY) values (173,'user05',10848,null,1);
Insert into CAMPCAMP.CARTS (CART_NO,USER_ID,PRODUCT_NO,PRICE,QTY) values (185,'rkrkrkrk',10868,null,2);
REM INSERTING into CAMPCAMP.CATEGORY
SET DEFINE OFF;
Insert into CAMPCAMP.CATEGORY (CATEGORY_CODE,CATEGORY_NAME,PRE_CATEGORY,CATEGORY_IMG) values ('OL','Outdoor Line',null,'체어원 블랙아웃 에디션1.jpg');
Insert into CAMPCAMP.CATEGORY (CATEGORY_CODE,CATEGORY_NAME,PRE_CATEGORY,CATEGORY_IMG) values ('HL','HDB Line',null,'테이블오 홈  오크1.jpg');
Insert into CAMPCAMP.CATEGORY (CATEGORY_CODE,CATEGORY_NAME,PRE_CATEGORY,CATEGORY_IMG) values ('TL','Tactical Line',null,'헬리녹스 택티컬 필드 오피스 큐브  블랙2.jpg');
Insert into CAMPCAMP.CATEGORY (CATEGORY_CODE,CATEGORY_NAME,PRE_CATEGORY,CATEGORY_IMG) values ('AC','Accessories',null,'헬리녹스 썸머키트 코트원2.jpg');
Insert into CAMPCAMP.CATEGORY (CATEGORY_CODE,CATEGORY_NAME,PRE_CATEGORY,CATEGORY_IMG) values ('TR','T.E.R.G',null,'터그 데이팩1.jpg');
Insert into CAMPCAMP.CATEGORY (CATEGORY_CODE,CATEGORY_NAME,PRE_CATEGORY,CATEGORY_IMG) values ('SH1','쉐이드','OL',null);
Insert into CAMPCAMP.CATEGORY (CATEGORY_CODE,CATEGORY_NAME,PRE_CATEGORY,CATEGORY_IMG) values ('CH1','체어','OL',null);
Insert into CAMPCAMP.CATEGORY (CATEGORY_CODE,CATEGORY_NAME,PRE_CATEGORY,CATEGORY_IMG) values ('CO1','코트','OL',null);
Insert into CAMPCAMP.CATEGORY (CATEGORY_CODE,CATEGORY_NAME,PRE_CATEGORY,CATEGORY_IMG) values ('TA1','테이블','OL',null);
Insert into CAMPCAMP.CATEGORY (CATEGORY_CODE,CATEGORY_NAME,PRE_CATEGORY,CATEGORY_IMG) values ('TE1','텐트','OL',null);
Insert into CAMPCAMP.CATEGORY (CATEGORY_CODE,CATEGORY_NAME,PRE_CATEGORY,CATEGORY_IMG) values ('TP1','트레킹 폴','OL',null);
Insert into CAMPCAMP.CATEGORY (CATEGORY_CODE,CATEGORY_NAME,PRE_CATEGORY,CATEGORY_IMG) values ('CH2','체어','HL',null);
Insert into CAMPCAMP.CATEGORY (CATEGORY_CODE,CATEGORY_NAME,PRE_CATEGORY,CATEGORY_IMG) values ('CO2','코트','HL',null);
Insert into CAMPCAMP.CATEGORY (CATEGORY_CODE,CATEGORY_NAME,PRE_CATEGORY,CATEGORY_IMG) values ('TA2','테이블','HL',null);
Insert into CAMPCAMP.CATEGORY (CATEGORY_CODE,CATEGORY_NAME,PRE_CATEGORY,CATEGORY_IMG) values ('CH3','체어','TL',null);
Insert into CAMPCAMP.CATEGORY (CATEGORY_CODE,CATEGORY_NAME,PRE_CATEGORY,CATEGORY_IMG) values ('CO3','코트','TL',null);
Insert into CAMPCAMP.CATEGORY (CATEGORY_CODE,CATEGORY_NAME,PRE_CATEGORY,CATEGORY_IMG) values ('TFO','텍티컬 필드 오피스','TL',null);
Insert into CAMPCAMP.CATEGORY (CATEGORY_CODE,CATEGORY_NAME,PRE_CATEGORY,CATEGORY_IMG) values ('TA3','테이블','TL',null);
Insert into CAMPCAMP.CATEGORY (CATEGORY_CODE,CATEGORY_NAME,PRE_CATEGORY,CATEGORY_IMG) values ('TE3','텐트','TL',null);
Insert into CAMPCAMP.CATEGORY (CATEGORY_CODE,CATEGORY_NAME,PRE_CATEGORY,CATEGORY_IMG) values ('FOA','필드 오피스 악세서리','AC',null);
Insert into CAMPCAMP.CATEGORY (CATEGORY_CODE,CATEGORY_NAME,PRE_CATEGORY,CATEGORY_IMG) values ('CHA','체어 악세서리','AC',null);
Insert into CAMPCAMP.CATEGORY (CATEGORY_CODE,CATEGORY_NAME,PRE_CATEGORY,CATEGORY_IMG) values ('WM','워머류','AC',null);
Insert into CAMPCAMP.CATEGORY (CATEGORY_CODE,CATEGORY_NAME,PRE_CATEGORY,CATEGORY_IMG) values ('TAA','테이블 악세서리','AC',null);
Insert into CAMPCAMP.CATEGORY (CATEGORY_CODE,CATEGORY_NAME,PRE_CATEGORY,CATEGORY_IMG) values ('COA','코트 악세서리','AC',null);
Insert into CAMPCAMP.CATEGORY (CATEGORY_CODE,CATEGORY_NAME,PRE_CATEGORY,CATEGORY_IMG) values ('TEA','텐트 악세서리','AC',null);
Insert into CAMPCAMP.CATEGORY (CATEGORY_CODE,CATEGORY_NAME,PRE_CATEGORY,CATEGORY_IMG) values ('STA','스틱 악세서리','AC',null);
Insert into CAMPCAMP.CATEGORY (CATEGORY_CODE,CATEGORY_NAME,PRE_CATEGORY,CATEGORY_IMG) values ('ETC','ETC','AC',null);
Insert into CAMPCAMP.CATEGORY (CATEGORY_CODE,CATEGORY_NAME,PRE_CATEGORY,CATEGORY_IMG) values ('ML','멀티링크','TR',null);
Insert into CAMPCAMP.CATEGORY (CATEGORY_CODE,CATEGORY_NAME,PRE_CATEGORY,CATEGORY_IMG) values ('BP','백팩','TR',null);
Insert into CAMPCAMP.CATEGORY (CATEGORY_CODE,CATEGORY_NAME,PRE_CATEGORY,CATEGORY_IMG) values ('UL','울트라 라이트','TR',null);
Insert into CAMPCAMP.CATEGORY (CATEGORY_CODE,CATEGORY_NAME,PRE_CATEGORY,CATEGORY_IMG) values ('CW','크로스백&웨이스트백','TR',null);
Insert into CAMPCAMP.CATEGORY (CATEGORY_CODE,CATEGORY_NAME,PRE_CATEGORY,CATEGORY_IMG) values ('PA','파우치&ACC','TR',null);
REM INSERTING into CAMPCAMP.DELIVERY
SET DEFINE OFF;
Insert into CAMPCAMP.DELIVERY (DELI_NO,USER_ID,ORDER_NO,DELI_DATE,DELI_STATUS) values (18,'rkrkrkrk',27,to_date('24/06/03','RR/MM/DD'),0);
Insert into CAMPCAMP.DELIVERY (DELI_NO,USER_ID,ORDER_NO,DELI_DATE,DELI_STATUS) values (19,'csw255',28,to_date('24/06/03','RR/MM/DD'),0);
Insert into CAMPCAMP.DELIVERY (DELI_NO,USER_ID,ORDER_NO,DELI_DATE,DELI_STATUS) values (10,'user05',19,to_date('24/06/03','RR/MM/DD'),1);
Insert into CAMPCAMP.DELIVERY (DELI_NO,USER_ID,ORDER_NO,DELI_DATE,DELI_STATUS) values (11,'user05',20,to_date('24/06/03','RR/MM/DD'),1);
Insert into CAMPCAMP.DELIVERY (DELI_NO,USER_ID,ORDER_NO,DELI_DATE,DELI_STATUS) values (17,'user01',26,to_date('24/06/03','RR/MM/DD'),1);
Insert into CAMPCAMP.DELIVERY (DELI_NO,USER_ID,ORDER_NO,DELI_DATE,DELI_STATUS) values (16,'user01',25,to_date('24/06/03','RR/MM/DD'),1);
Insert into CAMPCAMP.DELIVERY (DELI_NO,USER_ID,ORDER_NO,DELI_DATE,DELI_STATUS) values (20,'user01',29,to_date('24/06/03','RR/MM/DD'),1);
REM INSERTING into CAMPCAMP.LIKES
SET DEFINE OFF;
Insert into CAMPCAMP.LIKES (USER_ID,PRODUCT_NO,LIKE_STATUS) values ('user05',10848,1);
Insert into CAMPCAMP.LIKES (USER_ID,PRODUCT_NO,LIKE_STATUS) values ('admin',10867,1);
Insert into CAMPCAMP.LIKES (USER_ID,PRODUCT_NO,LIKE_STATUS) values ('admin',10855,1);
Insert into CAMPCAMP.LIKES (USER_ID,PRODUCT_NO,LIKE_STATUS) values ('rkrkrkrk',10868,1);
REM INSERTING into CAMPCAMP.NOTICE
SET DEFINE OFF;
Insert into CAMPCAMP.NOTICE (NOTICE_NO,USER_ID,NOTICE_SUBJECT,NOTICE_CONTENT,NOTICE_DATE) values (20,'admin','공지사항 등록 테스트','캠프캠프 공지사항 등록 테스트 입니다. 감사합니다.',to_date('24/06/03','RR/MM/DD'));
Insert into CAMPCAMP.NOTICE (NOTICE_NO,USER_ID,NOTICE_SUBJECT,NOTICE_CONTENT,NOTICE_DATE) values (21,'admin','공지사항 테스트입니다','공지사항 내용',to_date('24/06/03','RR/MM/DD'));
Insert into CAMPCAMP.NOTICE (NOTICE_NO,USER_ID,NOTICE_SUBJECT,NOTICE_CONTENT,NOTICE_DATE) values (17,'user123','Important Notice','This is the content of the important notice.',to_date('24/05/31','RR/MM/DD'));
REM INSERTING into CAMPCAMP.ORDERDETAIL
SET DEFINE OFF;
Insert into CAMPCAMP.ORDERDETAIL (ORDER_DETAIL_NO,ORDER_NO,USER_ID,QUANTITY,PRODUCT_NAME,PRICE,AMOUNT) values ('31',16,'user01',1,'헬리녹스 택티컬 필드 오피스 큐브  블랙',1000,null);
Insert into CAMPCAMP.ORDERDETAIL (ORDER_DETAIL_NO,ORDER_NO,USER_ID,QUANTITY,PRODUCT_NAME,PRICE,AMOUNT) values ('32',17,'user03',2,'선셋체어 홈 펠리컨',64000,null);
Insert into CAMPCAMP.ORDERDETAIL (ORDER_DETAIL_NO,ORDER_NO,USER_ID,QUANTITY,PRODUCT_NAME,PRICE,AMOUNT) values ('33',17,'user03',1,'로얄박스 쉐이드 샌드',77000,null);
Insert into CAMPCAMP.ORDERDETAIL (ORDER_DETAIL_NO,ORDER_NO,USER_ID,QUANTITY,PRODUCT_NAME,PRICE,AMOUNT) values ('40',20,'user05',7,'캠핑용 물티슈',1800,null);
Insert into CAMPCAMP.ORDERDETAIL (ORDER_DETAIL_NO,ORDER_NO,USER_ID,QUANTITY,PRODUCT_NAME,PRICE,AMOUNT) values ('29',15,'user01',1,'헬리녹스 라이트코트  그레이',900,null);
Insert into CAMPCAMP.ORDERDETAIL (ORDER_DETAIL_NO,ORDER_NO,USER_ID,QUANTITY,PRODUCT_NAME,PRICE,AMOUNT) values ('30',16,'user01',1,'헬리녹스 라이트코트  샌드',1000,null);
Insert into CAMPCAMP.ORDERDETAIL (ORDER_DETAIL_NO,ORDER_NO,USER_ID,QUANTITY,PRODUCT_NAME,PRICE,AMOUNT) values ('50',25,'user01',1,'헬리녹스 텍티컬 실리콘 패치 ',900,null);
Insert into CAMPCAMP.ORDERDETAIL (ORDER_DETAIL_NO,ORDER_NO,USER_ID,QUANTITY,PRODUCT_NAME,PRICE,AMOUNT) values ('51',25,'user01',1,'로얄박스 쉐이드 샌드',77000,null);
Insert into CAMPCAMP.ORDERDETAIL (ORDER_DETAIL_NO,ORDER_NO,USER_ID,QUANTITY,PRODUCT_NAME,PRICE,AMOUNT) values ('34',18,'user01',1,'헬리녹스 퍼스널 쉐이드  스칼렛아이언 블록',900,null);
Insert into CAMPCAMP.ORDERDETAIL (ORDER_DETAIL_NO,ORDER_NO,USER_ID,QUANTITY,PRODUCT_NAME,PRICE,AMOUNT) values ('49',25,'user01',1,'헬리녹스 테이블윈 스토리지 포켓',900,null);
Insert into CAMPCAMP.ORDERDETAIL (ORDER_DETAIL_NO,ORDER_NO,USER_ID,QUANTITY,PRODUCT_NAME,PRICE,AMOUNT) values ('43',22,'thd8172',1,'헬리녹스 토스티 선센 비치체어 ',900,null);
Insert into CAMPCAMP.ORDERDETAIL (ORDER_DETAIL_NO,ORDER_NO,USER_ID,QUANTITY,PRODUCT_NAME,PRICE,AMOUNT) values ('44',22,'thd8172',1,'헬리녹스 택티컬 필드 커버 덕카모 오렌지 ',900,null);
Insert into CAMPCAMP.ORDERDETAIL (ORDER_DETAIL_NO,ORDER_NO,USER_ID,QUANTITY,PRODUCT_NAME,PRICE,AMOUNT) values ('45',23,'user01',1,'테스트',80000,null);
Insert into CAMPCAMP.ORDERDETAIL (ORDER_DETAIL_NO,ORDER_NO,USER_ID,QUANTITY,PRODUCT_NAME,PRICE,AMOUNT) values ('46',23,'user01',6,'헬리녹스 택티컬 코트 컨버터블  코요테 탄',900,null);
Insert into CAMPCAMP.ORDERDETAIL (ORDER_DETAIL_NO,ORDER_NO,USER_ID,QUANTITY,PRODUCT_NAME,PRICE,AMOUNT) values ('41',21,'user02',1,'헬리녹스 프레임 세트',900,null);
Insert into CAMPCAMP.ORDERDETAIL (ORDER_DETAIL_NO,ORDER_NO,USER_ID,QUANTITY,PRODUCT_NAME,PRICE,AMOUNT) values ('42',21,'user02',1,'헬리녹스 택티컬 코트 컨버터블  코요테 탄',900,null);
Insert into CAMPCAMP.ORDERDETAIL (ORDER_DETAIL_NO,ORDER_NO,USER_ID,QUANTITY,PRODUCT_NAME,PRICE,AMOUNT) values ('47',23,'user01',4,'헬리녹스 테이블윈 스토리지 포켓',900,null);
Insert into CAMPCAMP.ORDERDETAIL (ORDER_DETAIL_NO,ORDER_NO,USER_ID,QUANTITY,PRODUCT_NAME,PRICE,AMOUNT) values ('48',24,'thd8172',1,'헬리녹스 택티컬 코트 컨버터블  코요테 탄',900,null);
Insert into CAMPCAMP.ORDERDETAIL (ORDER_DETAIL_NO,ORDER_NO,USER_ID,QUANTITY,PRODUCT_NAME,PRICE,AMOUNT) values ('58',29,'user01',1,'헬리녹스 택티컬 필드 커버 덕카모 오렌지 ',900,null);
Insert into CAMPCAMP.ORDERDETAIL (ORDER_DETAIL_NO,ORDER_NO,USER_ID,QUANTITY,PRODUCT_NAME,PRICE,AMOUNT) values ('59',29,'user01',1,'헬리녹스 택티컬 코트 컨버터블  코요테 탄',900,null);
Insert into CAMPCAMP.ORDERDETAIL (ORDER_DETAIL_NO,ORDER_NO,USER_ID,QUANTITY,PRODUCT_NAME,PRICE,AMOUNT) values ('35',19,'user05',1,'선셋체어 홈 펠리컨',64000,null);
Insert into CAMPCAMP.ORDERDETAIL (ORDER_DETAIL_NO,ORDER_NO,USER_ID,QUANTITY,PRODUCT_NAME,PRICE,AMOUNT) values ('36',19,'user05',1,'선셋체어 민트 멀티 블록',78000,null);
Insert into CAMPCAMP.ORDERDETAIL (ORDER_DETAIL_NO,ORDER_NO,USER_ID,QUANTITY,PRODUCT_NAME,PRICE,AMOUNT) values ('37',19,'user05',1,'로얄박스 쉐이드 블랙',132000,null);
Insert into CAMPCAMP.ORDERDETAIL (ORDER_DETAIL_NO,ORDER_NO,USER_ID,QUANTITY,PRODUCT_NAME,PRICE,AMOUNT) values ('38',19,'user05',1,'로얄박스 쉐이드 샌드',77000,null);
Insert into CAMPCAMP.ORDERDETAIL (ORDER_DETAIL_NO,ORDER_NO,USER_ID,QUANTITY,PRODUCT_NAME,PRICE,AMOUNT) values ('39',19,'user05',7,'헬리녹스 물티슈',1800,null);
Insert into CAMPCAMP.ORDERDETAIL (ORDER_DETAIL_NO,ORDER_NO,USER_ID,QUANTITY,PRODUCT_NAME,PRICE,AMOUNT) values ('52',26,'user01',1,'로얄박스 쉐이드 샌드',77000,null);
Insert into CAMPCAMP.ORDERDETAIL (ORDER_DETAIL_NO,ORDER_NO,USER_ID,QUANTITY,PRODUCT_NAME,PRICE,AMOUNT) values ('53',26,'user01',1,'헬리녹스 텍티컬 실리콘 패치 ',900,null);
Insert into CAMPCAMP.ORDERDETAIL (ORDER_DETAIL_NO,ORDER_NO,USER_ID,QUANTITY,PRODUCT_NAME,PRICE,AMOUNT) values ('54',26,'user01',1,'헬리녹스 토스티 선센 비치체어 ',900,null);
Insert into CAMPCAMP.ORDERDETAIL (ORDER_DETAIL_NO,ORDER_NO,USER_ID,QUANTITY,PRODUCT_NAME,PRICE,AMOUNT) values ('55',27,'rkrkrkrk',9,'헬리녹스 택티컬 코트 컨버터블  코요테 탄',900,null);
Insert into CAMPCAMP.ORDERDETAIL (ORDER_DETAIL_NO,ORDER_NO,USER_ID,QUANTITY,PRODUCT_NAME,PRICE,AMOUNT) values ('56',27,'rkrkrkrk',1,'헬리녹스 택티컬 필드 커버 덕카모 오렌지 ',900,null);
Insert into CAMPCAMP.ORDERDETAIL (ORDER_DETAIL_NO,ORDER_NO,USER_ID,QUANTITY,PRODUCT_NAME,PRICE,AMOUNT) values ('57',28,'csw255',2,'롤 탑 백팩',6800,null);
REM INSERTING into CAMPCAMP.ORDERS
SET DEFINE OFF;
Insert into CAMPCAMP.ORDERS (ORDER_NO,CART_NO,USER_ID,ORDER_DATE,ADDRESS,AMOUNT,ORDER_STATUS) values (15,1,'user01',to_date('24/05/31','RR/MM/DD'),'서울 송파구 가락로12길 5',900,null);
Insert into CAMPCAMP.ORDERS (ORDER_NO,CART_NO,USER_ID,ORDER_DATE,ADDRESS,AMOUNT,ORDER_STATUS) values (16,1,'user01',to_date('24/05/31','RR/MM/DD'),'서울 송파구 가락로12길 5',1800,null);
Insert into CAMPCAMP.ORDERS (ORDER_NO,CART_NO,USER_ID,ORDER_DATE,ADDRESS,AMOUNT,ORDER_STATUS) values (17,1,'user03',to_date('24/06/03','RR/MM/DD'),'대구 남구',205000,null);
Insert into CAMPCAMP.ORDERS (ORDER_NO,CART_NO,USER_ID,ORDER_DATE,ADDRESS,AMOUNT,ORDER_STATUS) values (20,1,'user05',to_date('24/06/03','RR/MM/DD'),'캠캠',12600,null);
Insert into CAMPCAMP.ORDERS (ORDER_NO,CART_NO,USER_ID,ORDER_DATE,ADDRESS,AMOUNT,ORDER_STATUS) values (18,1,'user01',to_date('24/06/03','RR/MM/DD'),'서울 송파구 가락로12길 5',900,null);
Insert into CAMPCAMP.ORDERS (ORDER_NO,CART_NO,USER_ID,ORDER_DATE,ADDRESS,AMOUNT,ORDER_STATUS) values (25,1,'user01',to_date('24/06/03','RR/MM/DD'),'대구 중구 경상감영길 2',78800,null);
Insert into CAMPCAMP.ORDERS (ORDER_NO,CART_NO,USER_ID,ORDER_DATE,ADDRESS,AMOUNT,ORDER_STATUS) values (23,1,'user01',to_date('24/06/03','RR/MM/DD'),'서울 송파구 가락로12길 5',89000,null);
Insert into CAMPCAMP.ORDERS (ORDER_NO,CART_NO,USER_ID,ORDER_DATE,ADDRESS,AMOUNT,ORDER_STATUS) values (24,1,'thd8172',to_date('24/06/03','RR/MM/DD'),'서울 서초구 바우뫼로 2',900,null);
Insert into CAMPCAMP.ORDERS (ORDER_NO,CART_NO,USER_ID,ORDER_DATE,ADDRESS,AMOUNT,ORDER_STATUS) values (21,1,'user02',to_date('24/06/03','RR/MM/DD'),'대구 중구',1800,null);
Insert into CAMPCAMP.ORDERS (ORDER_NO,CART_NO,USER_ID,ORDER_DATE,ADDRESS,AMOUNT,ORDER_STATUS) values (22,1,'thd8172',to_date('24/06/03','RR/MM/DD'),'qweqwrsdfas',1800,null);
Insert into CAMPCAMP.ORDERS (ORDER_NO,CART_NO,USER_ID,ORDER_DATE,ADDRESS,AMOUNT,ORDER_STATUS) values (29,1,'user01',to_date('24/06/03','RR/MM/DD'),'대구 중구 경상감영길 2',1800,null);
Insert into CAMPCAMP.ORDERS (ORDER_NO,CART_NO,USER_ID,ORDER_DATE,ADDRESS,AMOUNT,ORDER_STATUS) values (19,1,'user05',to_date('24/06/03','RR/MM/DD'),'캠캠',363600,null);
Insert into CAMPCAMP.ORDERS (ORDER_NO,CART_NO,USER_ID,ORDER_DATE,ADDRESS,AMOUNT,ORDER_STATUS) values (26,1,'user01',to_date('24/06/03','RR/MM/DD'),'대구 중구 경상감영길 2',78800,null);
Insert into CAMPCAMP.ORDERS (ORDER_NO,CART_NO,USER_ID,ORDER_DATE,ADDRESS,AMOUNT,ORDER_STATUS) values (27,1,'rkrkrkrk',to_date('24/06/03','RR/MM/DD'),'대구 달성군 가창면 가창동로 3',9000,null);
Insert into CAMPCAMP.ORDERS (ORDER_NO,CART_NO,USER_ID,ORDER_DATE,ADDRESS,AMOUNT,ORDER_STATUS) values (28,1,'csw255',to_date('24/06/03','RR/MM/DD'),'대구 중구 관덕정길 6-3',13600,null);
REM INSERTING into CAMPCAMP.PRODUCTS
SET DEFINE OFF;
Insert into CAMPCAMP.PRODUCTS (PRODUCT_NO,CATEGORY_CODE,PRODUCT_NAME,PRICE,OFF_PRICE,EXPLAIN,PRODUCT_IMG,PRODUCT_CNT,RATING,INPUT_DATE,EXPLAIN_IMG1,EXPLAIN_IMG2,PRODUCT_IMG2,PRODUCT_IMG3) values (10009,'TE3','로얄박스 쉐이드 블랙',154000,132000,null,'로얄박스 쉐이드  블랙11.jpg',null,null,to_date('24/05/30','RR/MM/DD'),'로얄박스 쉐이드 설명11.jpg','로얄박스 쉐이드 설명21.jpg','로얄박스 쉐이드  블랙21.jpg','로얄박스 쉐이드  블랙31.jpg');
Insert into CAMPCAMP.PRODUCTS (PRODUCT_NO,CATEGORY_CODE,PRODUCT_NAME,PRICE,OFF_PRICE,EXPLAIN,PRODUCT_IMG,PRODUCT_CNT,RATING,INPUT_DATE,EXPLAIN_IMG1,EXPLAIN_IMG2,PRODUCT_IMG2,PRODUCT_IMG3) values (10018,'CHA','선셋체어 민트 멀티 블록',82000,78000,null,'선셋체어 민트 멀티 블록11.jpg',null,null,to_date('24/05/30','RR/MM/DD'),'선셋체어 홈  펠리컨 설명12.jpg','선셋체어 홈  펠리컨 설명22.jpg','선셋체어 민트 멀티 블록21.jpg','선셋체어 민트 멀티 블록31.jpg');
Insert into CAMPCAMP.PRODUCTS (PRODUCT_NO,CATEGORY_CODE,PRODUCT_NAME,PRICE,OFF_PRICE,EXPLAIN,PRODUCT_IMG,PRODUCT_CNT,RATING,INPUT_DATE,EXPLAIN_IMG1,EXPLAIN_IMG2,PRODUCT_IMG2,PRODUCT_IMG3) values (10047,'ML','?',1000,900,null,'??',null,null,to_date('24/05/31','RR/MM/DD'),'HCC 레더 클러브 설명1.jpg','HCC 레더 클러브 설명2.jpg','???','????');
Insert into CAMPCAMP.PRODUCTS (PRODUCT_NO,CATEGORY_CODE,PRODUCT_NAME,PRICE,OFF_PRICE,EXPLAIN,PRODUCT_IMG,PRODUCT_CNT,RATING,INPUT_DATE,EXPLAIN_IMG1,EXPLAIN_IMG2,PRODUCT_IMG2,PRODUCT_IMG3) values (10019,'CHA','선셋체어 홈 펠리컨',66000,64000,null,'선셋체어 홈  펠리컨11.jpg',null,null,to_date('24/05/30','RR/MM/DD'),'선셋체어 홈  펠리컨 설명13.jpg','선셋체어 홈  펠리컨 설명23.jpg','선셋체어 홈  펠리컨21.jpg','선셋체어 홈  펠리컨31.jpg');
Insert into CAMPCAMP.PRODUCTS (PRODUCT_NO,CATEGORY_CODE,PRODUCT_NAME,PRICE,OFF_PRICE,EXPLAIN,PRODUCT_IMG,PRODUCT_CNT,RATING,INPUT_DATE,EXPLAIN_IMG1,EXPLAIN_IMG2,PRODUCT_IMG2,PRODUCT_IMG3) values (10702,'ML','HCC 레더 클러브 ',1000,900,null,'HCC 레더 클러브 1.jpg',null,null,to_date('24/05/31','RR/MM/DD'),'HCC 레더 클러브 설명1.jpg','HCC 레더 클러브 설명2.jpg','HCC 레더 클러브 2.jpg','HCC 레더 클러브 3.jpg');
Insert into CAMPCAMP.PRODUCTS (PRODUCT_NO,CATEGORY_CODE,PRODUCT_NAME,PRICE,OFF_PRICE,EXPLAIN,PRODUCT_IMG,PRODUCT_CNT,RATING,INPUT_DATE,EXPLAIN_IMG1,EXPLAIN_IMG2,PRODUCT_IMG2,PRODUCT_IMG3) values (10703,'ML','HCC 레더 클러브 설명',1000,900,null,'HCC 레더 클러브 설명1.jpg',null,null,to_date('24/05/31','RR/MM/DD'),'HCC 레더 클러브 설명1.jpg','HCC 레더 클러브 설명2.jpg','HCC 레더 클러브 설명2.jpg','HCC 레더 클러브 설명3.jpg');
Insert into CAMPCAMP.PRODUCTS (PRODUCT_NO,CATEGORY_CODE,PRODUCT_NAME,PRICE,OFF_PRICE,EXPLAIN,PRODUCT_IMG,PRODUCT_CNT,RATING,INPUT_DATE,EXPLAIN_IMG1,EXPLAIN_IMG2,PRODUCT_IMG2,PRODUCT_IMG3) values (10705,'ML','HCC 시에라컵',1000,900,null,'HCC 시에라컵1.jpg',null,null,to_date('24/05/31','RR/MM/DD'),'HCC 레더 클러브 설명1.jpg','HCC 레더 클러브 설명2.jpg','HCC 시에라컵2.jpg','HCC 시에라컵3.jpg');
Insert into CAMPCAMP.PRODUCTS (PRODUCT_NO,CATEGORY_CODE,PRODUCT_NAME,PRICE,OFF_PRICE,EXPLAIN,PRODUCT_IMG,PRODUCT_CNT,RATING,INPUT_DATE,EXPLAIN_IMG1,EXPLAIN_IMG2,PRODUCT_IMG2,PRODUCT_IMG3) values (10706,'ML','그라운드 체어  코요테탄',1000,900,null,'그라운드 체어  코요테탄1.jpg',null,null,to_date('24/05/31','RR/MM/DD'),'HCC 레더 클러브 설명1.jpg','HCC 레더 클러브 설명2.jpg','그라운드 체어  코요테탄2.jpg','그라운드 체어  코요테탄3.jpg');
Insert into CAMPCAMP.PRODUCTS (PRODUCT_NO,CATEGORY_CODE,PRODUCT_NAME,PRICE,OFF_PRICE,EXPLAIN,PRODUCT_IMG,PRODUCT_CNT,RATING,INPUT_DATE,EXPLAIN_IMG1,EXPLAIN_IMG2,PRODUCT_IMG2,PRODUCT_IMG3) values (10707,'ML','그라운드 체어 설명',1000,900,null,'그라운드 체어 설명1.jpg',null,null,to_date('24/05/31','RR/MM/DD'),'HCC 레더 클러브 설명1.jpg','HCC 레더 클러브 설명2.jpg','그라운드 체어 설명2.jpg','그라운드 체어 설명3.jpg');
Insert into CAMPCAMP.PRODUCTS (PRODUCT_NO,CATEGORY_CODE,PRODUCT_NAME,PRICE,OFF_PRICE,EXPLAIN,PRODUCT_IMG,PRODUCT_CNT,RATING,INPUT_DATE,EXPLAIN_IMG1,EXPLAIN_IMG2,PRODUCT_IMG2,PRODUCT_IMG3) values (10708,'ML','노나돔 4.0 베드룸  로 화이트',1000,900,null,'노나돔 4.0 베드룸  로 화이트1.jpg',null,null,to_date('24/05/31','RR/MM/DD'),'HCC 레더 클러브 설명1.jpg','HCC 레더 클러브 설명2.jpg','노나돔 4.0 베드룸  로 화이트2.jpg','노나돔 4.0 베드룸  로 화이트3.jpg');
Insert into CAMPCAMP.PRODUCTS (PRODUCT_NO,CATEGORY_CODE,PRODUCT_NAME,PRICE,OFF_PRICE,EXPLAIN,PRODUCT_IMG,PRODUCT_CNT,RATING,INPUT_DATE,EXPLAIN_IMG1,EXPLAIN_IMG2,PRODUCT_IMG2,PRODUCT_IMG3) values (10709,'ML','노나돔 설명',1000,900,null,'노나돔 설명1.jpg',null,null,to_date('24/05/31','RR/MM/DD'),'HCC 레더 클러브 설명1.jpg','HCC 레더 클러브 설명2.jpg','노나돔 설명2.jpg','노나돔 설명3.jpg');
Insert into CAMPCAMP.PRODUCTS (PRODUCT_NO,CATEGORY_CODE,PRODUCT_NAME,PRICE,OFF_PRICE,EXPLAIN,PRODUCT_IMG,PRODUCT_CNT,RATING,INPUT_DATE,EXPLAIN_IMG1,EXPLAIN_IMG2,PRODUCT_IMG2,PRODUCT_IMG3) values (10711,'ML','로얄박스 쉐이드  블랙',1000,900,null,'로얄박스 쉐이드  블랙1.jpg',null,null,to_date('24/05/31','RR/MM/DD'),'HCC 레더 클러브 설명1.jpg','HCC 레더 클러브 설명2.jpg','로얄박스 쉐이드  블랙2.jpg','로얄박스 쉐이드  블랙3.jpg');
Insert into CAMPCAMP.PRODUCTS (PRODUCT_NO,CATEGORY_CODE,PRODUCT_NAME,PRICE,OFF_PRICE,EXPLAIN,PRODUCT_IMG,PRODUCT_CNT,RATING,INPUT_DATE,EXPLAIN_IMG1,EXPLAIN_IMG2,PRODUCT_IMG2,PRODUCT_IMG3) values (10712,'ML','로얄박스 쉐이드  샌드',1000,900,null,'로얄박스 쉐이드  샌드1.jpg',null,null,to_date('24/05/31','RR/MM/DD'),'HCC 레더 클러브 설명1.jpg','HCC 레더 클러브 설명2.jpg','로얄박스 쉐이드  샌드2.jpg','로얄박스 쉐이드  샌드3.jpg');
Insert into CAMPCAMP.PRODUCTS (PRODUCT_NO,CATEGORY_CODE,PRODUCT_NAME,PRICE,OFF_PRICE,EXPLAIN,PRODUCT_IMG,PRODUCT_CNT,RATING,INPUT_DATE,EXPLAIN_IMG1,EXPLAIN_IMG2,PRODUCT_IMG2,PRODUCT_IMG3) values (10713,'ML','로얄박스 쉐이드 설명',1000,900,null,'로얄박스 쉐이드 설명1.jpg',null,null,to_date('24/05/31','RR/MM/DD'),'HCC 레더 클러브 설명1.jpg','HCC 레더 클러브 설명2.jpg','로얄박스 쉐이드 설명2.jpg','로얄박스 쉐이드 설명3.jpg');
Insert into CAMPCAMP.PRODUCTS (PRODUCT_NO,CATEGORY_CODE,PRODUCT_NAME,PRICE,OFF_PRICE,EXPLAIN,PRODUCT_IMG,PRODUCT_CNT,RATING,INPUT_DATE,EXPLAIN_IMG1,EXPLAIN_IMG2,PRODUCT_IMG2,PRODUCT_IMG3) values (10714,'ML','멀티링크시스템#',1000,900,null,'멀티링크시스템#1.jpg',null,null,to_date('24/05/31','RR/MM/DD'),'HCC 레더 클러브 설명1.jpg','HCC 레더 클러브 설명2.jpg','멀티링크시스템#2.jpg','멀티링크시스템#3.jpg');
Insert into CAMPCAMP.PRODUCTS (PRODUCT_NO,CATEGORY_CODE,PRODUCT_NAME,PRICE,OFF_PRICE,EXPLAIN,PRODUCT_IMG,PRODUCT_CNT,RATING,INPUT_DATE,EXPLAIN_IMG1,EXPLAIN_IMG2,PRODUCT_IMG2,PRODUCT_IMG3) values (10715,'ML','멀티링크시스템',1000,900,null,'멀티링크시스템1.jpg',null,null,to_date('24/05/31','RR/MM/DD'),'HCC 레더 클러브 설명1.jpg','HCC 레더 클러브 설명2.jpg','멀티링크시스템2.jpg','멀티링크시스템3.jpg');
Insert into CAMPCAMP.PRODUCTS (PRODUCT_NO,CATEGORY_CODE,PRODUCT_NAME,PRICE,OFF_PRICE,EXPLAIN,PRODUCT_IMG,PRODUCT_CNT,RATING,INPUT_DATE,EXPLAIN_IMG1,EXPLAIN_IMG2,PRODUCT_IMG2,PRODUCT_IMG3) values (10717,'ML','멀티링크시스템노트북용#',1000,900,null,'멀티링크시스템노트북용#1.jpg',null,null,to_date('24/05/31','RR/MM/DD'),'HCC 레더 클러브 설명1.jpg','HCC 레더 클러브 설명2.jpg','멀티링크시스템노트북용#2.jpg','멀티링크시스템노트북용#3.jpg');
Insert into CAMPCAMP.PRODUCTS (PRODUCT_NO,CATEGORY_CODE,PRODUCT_NAME,PRICE,OFF_PRICE,EXPLAIN,PRODUCT_IMG,PRODUCT_CNT,RATING,INPUT_DATE,EXPLAIN_IMG1,EXPLAIN_IMG2,PRODUCT_IMG2,PRODUCT_IMG3) values (10718,'ML','멀티베스트 설명',1000,900,null,'멀티베스트 설명1.jpg',null,null,to_date('24/05/31','RR/MM/DD'),'HCC 레더 클러브 설명1.jpg','HCC 레더 클러브 설명2.jpg','멀티베스트 설명2.jpg','멀티베스트 설명3.jpg');
Insert into CAMPCAMP.PRODUCTS (PRODUCT_NO,CATEGORY_CODE,PRODUCT_NAME,PRICE,OFF_PRICE,EXPLAIN,PRODUCT_IMG,PRODUCT_CNT,RATING,INPUT_DATE,EXPLAIN_IMG1,EXPLAIN_IMG2,PRODUCT_IMG2,PRODUCT_IMG3) values (10719,'ML','멀티베스트',1000,900,null,'멀티베스트1.jpg',null,null,to_date('24/05/31','RR/MM/DD'),'HCC 레더 클러브 설명1.jpg','HCC 레더 클러브 설명2.jpg','멀티베스트2.jpg','멀티베스트3.jpg');
Insert into CAMPCAMP.PRODUCTS (PRODUCT_NO,CATEGORY_CODE,PRODUCT_NAME,PRICE,OFF_PRICE,EXPLAIN,PRODUCT_IMG,PRODUCT_CNT,RATING,INPUT_DATE,EXPLAIN_IMG1,EXPLAIN_IMG2,PRODUCT_IMG2,PRODUCT_IMG3) values (10720,'ML','벤치원  레인보우 반다나 퀼트',1000,900,null,'벤치원  레인보우 반다나 퀼트1.jpg',null,null,to_date('24/05/31','RR/MM/DD'),'HCC 레더 클러브 설명1.jpg','HCC 레더 클러브 설명2.jpg','벤치원  레인보우 반다나 퀼트2.jpg','벤치원  레인보우 반다나 퀼트3.jpg');
Insert into CAMPCAMP.PRODUCTS (PRODUCT_NO,CATEGORY_CODE,PRODUCT_NAME,PRICE,OFF_PRICE,EXPLAIN,PRODUCT_IMG,PRODUCT_CNT,RATING,INPUT_DATE,EXPLAIN_IMG1,EXPLAIN_IMG2,PRODUCT_IMG2,PRODUCT_IMG3) values (10721,'ML','벤치원  블랙',1000,900,null,'벤치원  블랙1.jpg',null,null,to_date('24/05/31','RR/MM/DD'),'HCC 레더 클러브 설명1.jpg','HCC 레더 클러브 설명2.jpg','벤치원  블랙2.jpg','벤치원  블랙3.jpg');
Insert into CAMPCAMP.PRODUCTS (PRODUCT_NO,CATEGORY_CODE,PRODUCT_NAME,PRICE,OFF_PRICE,EXPLAIN,PRODUCT_IMG,PRODUCT_CNT,RATING,INPUT_DATE,EXPLAIN_IMG1,EXPLAIN_IMG2,PRODUCT_IMG2,PRODUCT_IMG3) values (10722,'ML','벤치원  블랙아웃 에디션',1000,900,null,'벤치원  블랙아웃 에디션1.jpg',null,null,to_date('24/05/31','RR/MM/DD'),'HCC 레더 클러브 설명1.jpg','HCC 레더 클러브 설명2.jpg','벤치원  블랙아웃 에디션2.jpg','벤치원  블랙아웃 에디션3.jpg');
Insert into CAMPCAMP.PRODUCTS (PRODUCT_NO,CATEGORY_CODE,PRODUCT_NAME,PRICE,OFF_PRICE,EXPLAIN,PRODUCT_IMG,PRODUCT_CNT,RATING,INPUT_DATE,EXPLAIN_IMG1,EXPLAIN_IMG2,PRODUCT_IMG2,PRODUCT_IMG3) values (10724,'ML','브비람 볼핀TM',1000,900,null,'브비람 볼핀TM1.jpg',null,null,to_date('24/05/31','RR/MM/DD'),'HCC 레더 클러브 설명1.jpg','HCC 레더 클러브 설명2.jpg','브비람 볼핀TM2.jpg','브비람 볼핀TM3.jpg');
Insert into CAMPCAMP.PRODUCTS (PRODUCT_NO,CATEGORY_CODE,PRODUCT_NAME,PRICE,OFF_PRICE,EXPLAIN,PRODUCT_IMG,PRODUCT_CNT,RATING,INPUT_DATE,EXPLAIN_IMG1,EXPLAIN_IMG2,PRODUCT_IMG2,PRODUCT_IMG3) values (10725,'ML','비치체어 블루 메쉬',1000,900,null,'비치체어 블루 메쉬1.jpg',null,null,to_date('24/05/31','RR/MM/DD'),'HCC 레더 클러브 설명1.jpg','HCC 레더 클러브 설명2.jpg','비치체어 블루 메쉬2.jpg','비치체어 블루 메쉬3.jpg');
Insert into CAMPCAMP.PRODUCTS (PRODUCT_NO,CATEGORY_CODE,PRODUCT_NAME,PRICE,OFF_PRICE,EXPLAIN,PRODUCT_IMG,PRODUCT_CNT,RATING,INPUT_DATE,EXPLAIN_IMG1,EXPLAIN_IMG2,PRODUCT_IMG2,PRODUCT_IMG3) values (10726,'ML','선셋체어  포레스트 그린',1000,900,null,'선셋체어  포레스트 그린1.jpg',null,null,to_date('24/05/31','RR/MM/DD'),'HCC 레더 클러브 설명1.jpg','HCC 레더 클러브 설명2.jpg','선셋체어  포레스트 그린2.jpg','선셋체어  포레스트 그린3.jpg');
Insert into CAMPCAMP.PRODUCTS (PRODUCT_NO,CATEGORY_CODE,PRODUCT_NAME,PRICE,OFF_PRICE,EXPLAIN,PRODUCT_IMG,PRODUCT_CNT,RATING,INPUT_DATE,EXPLAIN_IMG1,EXPLAIN_IMG2,PRODUCT_IMG2,PRODUCT_IMG3) values (10727,'ML','선셋체어 민트 멀티 블록',1000,900,null,'선셋체어 민트 멀티 블록1.jpg',null,null,to_date('24/05/31','RR/MM/DD'),'HCC 레더 클러브 설명1.jpg','HCC 레더 클러브 설명2.jpg','선셋체어 민트 멀티 블록2.jpg','선셋체어 민트 멀티 블록3.jpg');
Insert into CAMPCAMP.PRODUCTS (PRODUCT_NO,CATEGORY_CODE,PRODUCT_NAME,PRICE,OFF_PRICE,EXPLAIN,PRODUCT_IMG,PRODUCT_CNT,RATING,INPUT_DATE,EXPLAIN_IMG1,EXPLAIN_IMG2,PRODUCT_IMG2,PRODUCT_IMG3) values (10729,'ML','선셋체어 홈  머스타드',1000,900,null,'선셋체어 홈  머스타드1.jpg',null,null,to_date('24/05/31','RR/MM/DD'),'HCC 레더 클러브 설명1.jpg','HCC 레더 클러브 설명2.jpg','선셋체어 홈  머스타드2.jpg','선셋체어 홈  머스타드3.jpg');
Insert into CAMPCAMP.PRODUCTS (PRODUCT_NO,CATEGORY_CODE,PRODUCT_NAME,PRICE,OFF_PRICE,EXPLAIN,PRODUCT_IMG,PRODUCT_CNT,RATING,INPUT_DATE,EXPLAIN_IMG1,EXPLAIN_IMG2,PRODUCT_IMG2,PRODUCT_IMG3) values (10731,'ML','선셋체어 홈  펠리컨',1000,900,null,'선셋체어 홈  펠리컨1.jpg',null,null,to_date('24/05/31','RR/MM/DD'),'HCC 레더 클러브 설명1.jpg','HCC 레더 클러브 설명2.jpg','선셋체어 홈  펠리컨2.jpg','선셋체어 홈  펠리컨3.jpg');
Insert into CAMPCAMP.PRODUCTS (PRODUCT_NO,CATEGORY_CODE,PRODUCT_NAME,PRICE,OFF_PRICE,EXPLAIN,PRODUCT_IMG,PRODUCT_CNT,RATING,INPUT_DATE,EXPLAIN_IMG1,EXPLAIN_IMG2,PRODUCT_IMG2,PRODUCT_IMG3) values (10732,'ML','스피드 스툴 M  화이트',1000,900,null,'스피드 스툴 M  화이트1.jpg',null,null,to_date('24/05/31','RR/MM/DD'),'HCC 레더 클러브 설명1.jpg','HCC 레더 클러브 설명2.jpg','스피드 스툴 M  화이트2.jpg','스피드 스툴 M  화이트3.jpg');
Insert into CAMPCAMP.PRODUCTS (PRODUCT_NO,CATEGORY_CODE,PRODUCT_NAME,PRICE,OFF_PRICE,EXPLAIN,PRODUCT_IMG,PRODUCT_CNT,RATING,INPUT_DATE,EXPLAIN_IMG1,EXPLAIN_IMG2,PRODUCT_IMG2,PRODUCT_IMG3) values (10733,'ML','썸머 키트 홈(체어힐미니용)',1000,900,null,'썸머 키트 홈(체어힐미니용)1.jpg',null,null,to_date('24/05/31','RR/MM/DD'),'HCC 레더 클러브 설명1.jpg','HCC 레더 클러브 설명2.jpg','썸머 키트 홈(체어힐미니용)2.jpg','썸머 키트 홈(체어힐미니용)3.jpg');
Insert into CAMPCAMP.PRODUCTS (PRODUCT_NO,CATEGORY_CODE,PRODUCT_NAME,PRICE,OFF_PRICE,EXPLAIN,PRODUCT_IMG,PRODUCT_CNT,RATING,INPUT_DATE,EXPLAIN_IMG1,EXPLAIN_IMG2,PRODUCT_IMG2,PRODUCT_IMG3) values (10735,'ML','에어 헤드레스트',1000,900,null,'에어 헤드레스트1.jpg',null,null,to_date('24/05/31','RR/MM/DD'),'HCC 레더 클러브 설명1.jpg','HCC 레더 클러브 설명2.jpg','에어 헤드레스트2.jpg','에어 헤드레스트3.jpg');
Insert into CAMPCAMP.PRODUCTS (PRODUCT_NO,CATEGORY_CODE,PRODUCT_NAME,PRICE,OFF_PRICE,EXPLAIN,PRODUCT_IMG,PRODUCT_CNT,RATING,INPUT_DATE,EXPLAIN_IMG1,EXPLAIN_IMG2,PRODUCT_IMG2,PRODUCT_IMG3) values (10736,'ML','오발탑',1000,900,null,'오발탑1.jpg',null,null,to_date('24/05/31','RR/MM/DD'),'HCC 레더 클러브 설명1.jpg','HCC 레더 클러브 설명2.jpg','오발탑2.jpg','오발탑3.jpg');
Insert into CAMPCAMP.PRODUCTS (PRODUCT_NO,CATEGORY_CODE,PRODUCT_NAME,PRICE,OFF_PRICE,EXPLAIN,PRODUCT_IMG,PRODUCT_CNT,RATING,INPUT_DATE,EXPLAIN_IMG1,EXPLAIN_IMG2,PRODUCT_IMG2,PRODUCT_IMG3) values (10737,'ML','체어앵커',1000,900,null,'체어앵커1.jpg',null,null,to_date('24/05/31','RR/MM/DD'),'HCC 레더 클러브 설명1.jpg','HCC 레더 클러브 설명2.jpg','체어앵커2.jpg','체어앵커3.jpg');
Insert into CAMPCAMP.PRODUCTS (PRODUCT_NO,CATEGORY_CODE,PRODUCT_NAME,PRICE,OFF_PRICE,EXPLAIN,PRODUCT_IMG,PRODUCT_CNT,RATING,INPUT_DATE,EXPLAIN_IMG1,EXPLAIN_IMG2,PRODUCT_IMG2,PRODUCT_IMG3) values (10740,'ML','체어원 엑스라지 차콜',1000,900,null,'체어원 엑스라지 차콜1.jpg',null,null,to_date('24/05/31','RR/MM/DD'),'HCC 레더 클러브 설명1.jpg','HCC 레더 클러브 설명2.jpg','체어원 엑스라지 차콜2.jpg','체어원 엑스라지 차콜3.jpg');
Insert into CAMPCAMP.PRODUCTS (PRODUCT_NO,CATEGORY_CODE,PRODUCT_NAME,PRICE,OFF_PRICE,EXPLAIN,PRODUCT_IMG,PRODUCT_CNT,RATING,INPUT_DATE,EXPLAIN_IMG1,EXPLAIN_IMG2,PRODUCT_IMG2,PRODUCT_IMG3) values (10741,'ML','체어원 코발트',1000,900,null,'체어원 코발트1.jpg',null,null,to_date('24/05/31','RR/MM/DD'),'HCC 레더 클러브 설명1.jpg','HCC 레더 클러브 설명2.jpg','체어원 코발트2.jpg','체어원 코발트3.jpg');
Insert into CAMPCAMP.PRODUCTS (PRODUCT_NO,CATEGORY_CODE,PRODUCT_NAME,PRICE,OFF_PRICE,EXPLAIN,PRODUCT_IMG,PRODUCT_CNT,RATING,INPUT_DATE,EXPLAIN_IMG1,EXPLAIN_IMG2,PRODUCT_IMG2,PRODUCT_IMG3) values (10742,'ML','체어원 홈  그래블',1000,900,null,'체어원 홈  그래블1.jpg',null,null,to_date('24/05/31','RR/MM/DD'),'HCC 레더 클러브 설명1.jpg','HCC 레더 클러브 설명2.jpg','체어원 홈  그래블2.jpg','체어원 홈  그래블3.jpg');
Insert into CAMPCAMP.PRODUCTS (PRODUCT_NO,CATEGORY_CODE,PRODUCT_NAME,PRICE,OFF_PRICE,EXPLAIN,PRODUCT_IMG,PRODUCT_CNT,RATING,INPUT_DATE,EXPLAIN_IMG1,EXPLAIN_IMG2,PRODUCT_IMG2,PRODUCT_IMG3) values (10743,'ML','체어원 홈  머스타드',1000,900,null,'체어원 홈  머스타드1.jpg',null,null,to_date('24/05/31','RR/MM/DD'),'HCC 레더 클러브 설명1.jpg','HCC 레더 클러브 설명2.jpg','체어원 홈  머스타드2.jpg','체어원 홈  머스타드3.jpg');
Insert into CAMPCAMP.PRODUCTS (PRODUCT_NO,CATEGORY_CODE,PRODUCT_NAME,PRICE,OFF_PRICE,EXPLAIN,PRODUCT_IMG,PRODUCT_CNT,RATING,INPUT_DATE,EXPLAIN_IMG1,EXPLAIN_IMG2,PRODUCT_IMG2,PRODUCT_IMG3) values (10744,'ML','체어원 홈  펠리컨',1000,900,null,'체어원 홈  펠리컨1.jpg',null,null,to_date('24/05/31','RR/MM/DD'),'HCC 레더 클러브 설명1.jpg','HCC 레더 클러브 설명2.jpg','체어원 홈  펠리컨2.jpg','체어원 홈  펠리컨3.jpg');
Insert into CAMPCAMP.PRODUCTS (PRODUCT_NO,CATEGORY_CODE,PRODUCT_NAME,PRICE,OFF_PRICE,EXPLAIN,PRODUCT_IMG,PRODUCT_CNT,RATING,INPUT_DATE,EXPLAIN_IMG1,EXPLAIN_IMG2,PRODUCT_IMG2,PRODUCT_IMG3) values (10745,'ML','체어제로 하이백  화이트',1000,900,null,'체어제로 하이백  화이트1.jpg',null,null,to_date('24/05/31','RR/MM/DD'),'HCC 레더 클러브 설명1.jpg','HCC 레더 클러브 설명2.jpg','체어제로 하이백  화이트2.jpg','체어제로 하이백  화이트3.jpg');
Insert into CAMPCAMP.PRODUCTS (PRODUCT_NO,CATEGORY_CODE,PRODUCT_NAME,PRICE,OFF_PRICE,EXPLAIN,PRODUCT_IMG,PRODUCT_CNT,RATING,INPUT_DATE,EXPLAIN_IMG1,EXPLAIN_IMG2,PRODUCT_IMG2,PRODUCT_IMG3) values (10746,'ML','체어투 멀티 블록',1000,900,null,'체어투 멀티 블록1.jpg',null,null,to_date('24/05/31','RR/MM/DD'),'HCC 레더 클러브 설명1.jpg','HCC 레더 클러브 설명2.jpg','체어투 멀티 블록2.jpg','체어투 멀티 블록3.jpg');
Insert into CAMPCAMP.PRODUCTS (PRODUCT_NO,CATEGORY_CODE,PRODUCT_NAME,PRICE,OFF_PRICE,EXPLAIN,PRODUCT_IMG,PRODUCT_CNT,RATING,INPUT_DATE,EXPLAIN_IMG1,EXPLAIN_IMG2,PRODUCT_IMG2,PRODUCT_IMG3) values (10748,'ML','체어투 홈  블랙',1000,900,null,'체어투 홈  블랙1.jpg',null,null,to_date('24/05/31','RR/MM/DD'),'HCC 레더 클러브 설명1.jpg','HCC 레더 클러브 설명2.jpg','체어투 홈  블랙2.jpg','체어투 홈  블랙3.jpg');
Insert into CAMPCAMP.PRODUCTS (PRODUCT_NO,CATEGORY_CODE,PRODUCT_NAME,PRICE,OFF_PRICE,EXPLAIN,PRODUCT_IMG,PRODUCT_CNT,RATING,INPUT_DATE,EXPLAIN_IMG1,EXPLAIN_IMG2,PRODUCT_IMG2,PRODUCT_IMG3) values (10749,'ML','카페 테이블 와이드  블랙',1000,900,null,'카페 테이블 와이드  블랙1.jpg',null,null,to_date('24/05/31','RR/MM/DD'),'HCC 레더 클러브 설명1.jpg','HCC 레더 클러브 설명2.jpg','카페 테이블 와이드  블랙2.jpg','카페 테이블 와이드  블랙3.jpg');
Insert into CAMPCAMP.PRODUCTS (PRODUCT_NO,CATEGORY_CODE,PRODUCT_NAME,PRICE,OFF_PRICE,EXPLAIN,PRODUCT_IMG,PRODUCT_CNT,RATING,INPUT_DATE,EXPLAIN_IMG1,EXPLAIN_IMG2,PRODUCT_IMG2,PRODUCT_IMG3) values (10750,'ML','카페 테이블 홈  클래식 월넛',1000,900,null,'카페 테이블 홈  클래식 월넛1.jpg',null,null,to_date('24/05/31','RR/MM/DD'),'HCC 레더 클러브 설명1.jpg','HCC 레더 클러브 설명2.jpg','카페 테이블 홈  클래식 월넛2.jpg','카페 테이블 홈  클래식 월넛3.jpg');
Insert into CAMPCAMP.PRODUCTS (PRODUCT_NO,CATEGORY_CODE,PRODUCT_NAME,PRICE,OFF_PRICE,EXPLAIN,PRODUCT_IMG,PRODUCT_CNT,RATING,INPUT_DATE,EXPLAIN_IMG1,EXPLAIN_IMG2,PRODUCT_IMG2,PRODUCT_IMG3) values (10751,'ML','코트 설명',1000,900,null,'코트 설명1.jpg',null,null,to_date('24/05/31','RR/MM/DD'),'HCC 레더 클러브 설명1.jpg','HCC 레더 클러브 설명2.jpg','코트 설명2.jpg','코트 설명3.jpg');
Insert into CAMPCAMP.PRODUCTS (PRODUCT_NO,CATEGORY_CODE,PRODUCT_NAME,PRICE,OFF_PRICE,EXPLAIN,PRODUCT_IMG,PRODUCT_CNT,RATING,INPUT_DATE,EXPLAIN_IMG1,EXPLAIN_IMG2,PRODUCT_IMG2,PRODUCT_IMG3) values (10752,'ML','코트원 컨버터블  멀티 블록',1000,900,null,'코트원 컨버터블  멀티 블록1.jpg',null,null,to_date('24/05/31','RR/MM/DD'),'HCC 레더 클러브 설명1.jpg','HCC 레더 클러브 설명2.jpg','코트원 컨버터블  멀티 블록2.jpg','코트원 컨버터블  멀티 블록3.jpg');
Insert into CAMPCAMP.PRODUCTS (PRODUCT_NO,CATEGORY_CODE,PRODUCT_NAME,PRICE,OFF_PRICE,EXPLAIN,PRODUCT_IMG,PRODUCT_CNT,RATING,INPUT_DATE,EXPLAIN_IMG1,EXPLAIN_IMG2,PRODUCT_IMG2,PRODUCT_IMG3) values (10754,'ML','타프 필드 스트랩',1000,900,null,'타프 필드 스트랩1.jpg',null,null,to_date('24/05/31','RR/MM/DD'),'HCC 레더 클러브 설명1.jpg','HCC 레더 클러브 설명2.jpg','타프 필드 스트랩2.jpg','타프 필드 스트랩3.jpg');
Insert into CAMPCAMP.PRODUCTS (PRODUCT_NO,CATEGORY_CODE,PRODUCT_NAME,PRICE,OFF_PRICE,EXPLAIN,PRODUCT_IMG,PRODUCT_CNT,RATING,INPUT_DATE,EXPLAIN_IMG1,EXPLAIN_IMG2,PRODUCT_IMG2,PRODUCT_IMG3) values (10755,'ML','타프폴 케이스 ',1000,900,null,'타프폴 케이스 1.jpg',null,null,to_date('24/05/31','RR/MM/DD'),'HCC 레더 클러브 설명1.jpg','HCC 레더 클러브 설명2.jpg','타프폴 케이스 2.jpg','타프폴 케이스 3.jpg');
Insert into CAMPCAMP.PRODUCTS (PRODUCT_NO,CATEGORY_CODE,PRODUCT_NAME,PRICE,OFF_PRICE,EXPLAIN,PRODUCT_IMG,PRODUCT_CNT,RATING,INPUT_DATE,EXPLAIN_IMG1,EXPLAIN_IMG2,PRODUCT_IMG2,PRODUCT_IMG3) values (10756,'ML','택티컬 노나 타프  코요테탄',1000,900,null,'택티컬 노나 타프  코요테탄1.jpg',null,null,to_date('24/05/31','RR/MM/DD'),'HCC 레더 클러브 설명1.jpg','HCC 레더 클러브 설명2.jpg','택티컬 노나 타프  코요테탄2.jpg','택티컬 노나 타프  코요테탄3.jpg');
Insert into CAMPCAMP.PRODUCTS (PRODUCT_NO,CATEGORY_CODE,PRODUCT_NAME,PRICE,OFF_PRICE,EXPLAIN,PRODUCT_IMG,PRODUCT_CNT,RATING,INPUT_DATE,EXPLAIN_IMG1,EXPLAIN_IMG2,PRODUCT_IMG2,PRODUCT_IMG3) values (10757,'ML','택티컬 노나돔 4.0  코요테탄',1000,900,null,'택티컬 노나돔 4.0  코요테탄1.jpg',null,null,to_date('24/05/31','RR/MM/DD'),'HCC 레더 클러브 설명1.jpg','HCC 레더 클러브 설명2.jpg','택티컬 노나돔 4.0  코요테탄2.jpg','택티컬 노나돔 4.0  코요테탄3.jpg');
Insert into CAMPCAMP.PRODUCTS (PRODUCT_NO,CATEGORY_CODE,PRODUCT_NAME,PRICE,OFF_PRICE,EXPLAIN,PRODUCT_IMG,PRODUCT_CNT,RATING,INPUT_DATE,EXPLAIN_IMG1,EXPLAIN_IMG2,PRODUCT_IMG2,PRODUCT_IMG3) values (10758,'ML','택티컬 스피드 스툴 M  밀리터리 올리브',1000,900,null,'택티컬 스피드 스툴 M  밀리터리 올리브1.jpg',null,null,to_date('24/05/31','RR/MM/DD'),'HCC 레더 클러브 설명1.jpg','HCC 레더 클러브 설명2.jpg','택티컬 스피드 스툴 M  밀리터리 올리브2.jpg','택티컬 스피드 스툴 M  밀리터리 올리브3.jpg');
Insert into CAMPCAMP.PRODUCTS (PRODUCT_NO,CATEGORY_CODE,PRODUCT_NAME,PRICE,OFF_PRICE,EXPLAIN,PRODUCT_IMG,PRODUCT_CNT,RATING,INPUT_DATE,EXPLAIN_IMG1,EXPLAIN_IMG2,PRODUCT_IMG2,PRODUCT_IMG3) values (10759,'ML','택티컬 체어  멀티캠',1000,900,null,'택티컬 체어  멀티캠1.jpg',null,null,to_date('24/05/31','RR/MM/DD'),'HCC 레더 클러브 설명1.jpg','HCC 레더 클러브 설명2.jpg','택티컬 체어  멀티캠2.jpg','택티컬 체어  멀티캠3.jpg');
Insert into CAMPCAMP.PRODUCTS (PRODUCT_NO,CATEGORY_CODE,PRODUCT_NAME,PRICE,OFF_PRICE,EXPLAIN,PRODUCT_IMG,PRODUCT_CNT,RATING,INPUT_DATE,EXPLAIN_IMG1,EXPLAIN_IMG2,PRODUCT_IMG2,PRODUCT_IMG3) values (10760,'ML','택티컬 체어 미니  코요테탄',1000,900,null,'택티컬 체어 미니  코요테탄1.jpg',null,null,to_date('24/05/31','RR/MM/DD'),'HCC 레더 클러브 설명1.jpg','HCC 레더 클러브 설명2.jpg','택티컬 체어 미니  코요테탄2.jpg','택티컬 체어 미니  코요테탄3.jpg');
Insert into CAMPCAMP.PRODUCTS (PRODUCT_NO,CATEGORY_CODE,PRODUCT_NAME,PRICE,OFF_PRICE,EXPLAIN,PRODUCT_IMG,PRODUCT_CNT,RATING,INPUT_DATE,EXPLAIN_IMG1,EXPLAIN_IMG2,PRODUCT_IMG2,PRODUCT_IMG3) values (10761,'ML','택티컬 코트 텐트 솔로 이너텐트 (패브릭)  밀리터리 탄',1000,900,null,'택티컬 코트 텐트 솔로 이너텐트 (패브릭)  밀리터리 탄1.jpg',null,null,to_date('24/05/31','RR/MM/DD'),'HCC 레더 클러브 설명1.jpg','HCC 레더 클러브 설명2.jpg','택티컬 코트 텐트 솔로 이너텐트 (패브릭)  밀리터리 탄2.jpg','택티컬 코트 텐트 솔로 이너텐트 (패브릭)  밀리터리 탄3.jpg');
Insert into CAMPCAMP.PRODUCTS (PRODUCT_NO,CATEGORY_CODE,PRODUCT_NAME,PRICE,OFF_PRICE,EXPLAIN,PRODUCT_IMG,PRODUCT_CNT,RATING,INPUT_DATE,EXPLAIN_IMG1,EXPLAIN_IMG2,PRODUCT_IMG2,PRODUCT_IMG3) values (10763,'ML','택티컬 테이블 스몰  코요테탄',1000,900,null,'택티컬 테이블 스몰  코요테탄1.jpg',null,null,to_date('24/05/31','RR/MM/DD'),'HCC 레더 클러브 설명1.jpg','HCC 레더 클러브 설명2.jpg','택티컬 테이블 스몰  코요테탄2.jpg','택티컬 테이블 스몰  코요테탄3.jpg');
Insert into CAMPCAMP.PRODUCTS (PRODUCT_NO,CATEGORY_CODE,PRODUCT_NAME,PRICE,OFF_PRICE,EXPLAIN,PRODUCT_IMG,PRODUCT_CNT,RATING,INPUT_DATE,EXPLAIN_IMG1,EXPLAIN_IMG2,PRODUCT_IMG2,PRODUCT_IMG3) values (10764,'PA','터그 L 파우치 M',1000,900,null,'터그 L 파우치 M1.jpg',null,null,to_date('24/05/31','RR/MM/DD'),'HCC 레더 클러브 설명1.jpg','HCC 레더 클러브 설명2.jpg','터그 L 파우치 M2.jpg','터그 L 파우치 M3.jpg');
Insert into CAMPCAMP.PRODUCTS (PRODUCT_NO,CATEGORY_CODE,PRODUCT_NAME,PRICE,OFF_PRICE,EXPLAIN,PRODUCT_IMG,PRODUCT_CNT,RATING,INPUT_DATE,EXPLAIN_IMG1,EXPLAIN_IMG2,PRODUCT_IMG2,PRODUCT_IMG3) values (10765,'ML','터그 데이팩',1000,900,null,'터그 데이팩1.jpg',null,null,to_date('24/05/31','RR/MM/DD'),'HCC 레더 클러브 설명1.jpg','HCC 레더 클러브 설명2.jpg','터그 데이팩2.jpg','터그 데이팩3.jpg');
Insert into CAMPCAMP.PRODUCTS (PRODUCT_NO,CATEGORY_CODE,PRODUCT_NAME,PRICE,OFF_PRICE,EXPLAIN,PRODUCT_IMG,PRODUCT_CNT,RATING,INPUT_DATE,EXPLAIN_IMG1,EXPLAIN_IMG2,PRODUCT_IMG2,PRODUCT_IMG3) values (10766,'ML','터그 디아더데이',1000,900,null,'터그 디아더데이1.jpg',null,null,to_date('24/05/31','RR/MM/DD'),'HCC 레더 클러브 설명1.jpg','HCC 레더 클러브 설명2.jpg','터그 디아더데이2.jpg','터그 디아더데이3.jpg');
Insert into CAMPCAMP.PRODUCTS (PRODUCT_NO,CATEGORY_CODE,PRODUCT_NAME,PRICE,OFF_PRICE,EXPLAIN,PRODUCT_IMG,PRODUCT_CNT,RATING,INPUT_DATE,EXPLAIN_IMG1,EXPLAIN_IMG2,PRODUCT_IMG2,PRODUCT_IMG3) values (10767,'UL','터그 라이트 롤 탑 백팩',1000,900,null,'터그 라이트 롤 탑 백팩1.jpg',null,null,to_date('24/05/31','RR/MM/DD'),'HCC 레더 클러브 설명1.jpg','HCC 레더 클러브 설명2.jpg','터그 라이트 롤 탑 백팩2.jpg','터그 라이트 롤 탑 백팩3.jpg');
Insert into CAMPCAMP.PRODUCTS (PRODUCT_NO,CATEGORY_CODE,PRODUCT_NAME,PRICE,OFF_PRICE,EXPLAIN,PRODUCT_IMG,PRODUCT_CNT,RATING,INPUT_DATE,EXPLAIN_IMG1,EXPLAIN_IMG2,PRODUCT_IMG2,PRODUCT_IMG3) values (10768,'UL','터그 라이트 힙백',1000,900,null,'터그 라이트 힙백1.jpg',null,null,to_date('24/05/31','RR/MM/DD'),'HCC 레더 클러브 설명1.jpg','HCC 레더 클러브 설명2.jpg','터그 라이트 힙백2.jpg','터그 라이트 힙백3.jpg');
Insert into CAMPCAMP.PRODUCTS (PRODUCT_NO,CATEGORY_CODE,PRODUCT_NAME,PRICE,OFF_PRICE,EXPLAIN,PRODUCT_IMG,PRODUCT_CNT,RATING,INPUT_DATE,EXPLAIN_IMG1,EXPLAIN_IMG2,PRODUCT_IMG2,PRODUCT_IMG3) values (10771,'ML','터그 런드리백S ',1000,900,null,'터그 런드리백S 1.jpg',null,null,to_date('24/05/31','RR/MM/DD'),'HCC 레더 클러브 설명1.jpg','HCC 레더 클러브 설명2.jpg','터그 런드리백S 2.jpg','터그 런드리백S 3.jpg');
Insert into CAMPCAMP.PRODUCTS (PRODUCT_NO,CATEGORY_CODE,PRODUCT_NAME,PRICE,OFF_PRICE,EXPLAIN,PRODUCT_IMG,PRODUCT_CNT,RATING,INPUT_DATE,EXPLAIN_IMG1,EXPLAIN_IMG2,PRODUCT_IMG2,PRODUCT_IMG3) values (10772,'ML','터그 미디움 웨이스트',1000,900,null,'터그 미디움 웨이스트1.jpg',null,null,to_date('24/05/31','RR/MM/DD'),'HCC 레더 클러브 설명1.jpg','HCC 레더 클러브 설명2.jpg','터그 미디움 웨이스트2.jpg','터그 미디움 웨이스트3.jpg');
Insert into CAMPCAMP.PRODUCTS (PRODUCT_NO,CATEGORY_CODE,PRODUCT_NAME,PRICE,OFF_PRICE,EXPLAIN,PRODUCT_IMG,PRODUCT_CNT,RATING,INPUT_DATE,EXPLAIN_IMG1,EXPLAIN_IMG2,PRODUCT_IMG2,PRODUCT_IMG3) values (10773,'ML','터그 사코슈 스탠다드',1000,900,null,'터그 사코슈 스탠다드1.jpg',null,null,to_date('24/05/31','RR/MM/DD'),'HCC 레더 클러브 설명1.jpg','HCC 레더 클러브 설명2.jpg','터그 사코슈 스탠다드2.jpg','터그 사코슈 스탠다드3.jpg');
Insert into CAMPCAMP.PRODUCTS (PRODUCT_NO,CATEGORY_CODE,PRODUCT_NAME,PRICE,OFF_PRICE,EXPLAIN,PRODUCT_IMG,PRODUCT_CNT,RATING,INPUT_DATE,EXPLAIN_IMG1,EXPLAIN_IMG2,PRODUCT_IMG2,PRODUCT_IMG3) values (10775,'ML','터그 샤코슈',1000,900,null,'터그 샤코슈1.jpg',null,null,to_date('24/05/31','RR/MM/DD'),'HCC 레더 클러브 설명1.jpg','HCC 레더 클러브 설명2.jpg','터그 샤코슈2.jpg','터그 샤코슈3.jpg');
Insert into CAMPCAMP.PRODUCTS (PRODUCT_NO,CATEGORY_CODE,PRODUCT_NAME,PRICE,OFF_PRICE,EXPLAIN,PRODUCT_IMG,PRODUCT_CNT,RATING,INPUT_DATE,EXPLAIN_IMG1,EXPLAIN_IMG2,PRODUCT_IMG2,PRODUCT_IMG3) values (10776,'ML','터그 올웨이스퀘어',1000,900,null,'터그 올웨이스퀘어1.jpg',null,null,to_date('24/05/31','RR/MM/DD'),'HCC 레더 클러브 설명1.jpg','HCC 레더 클러브 설명2.jpg','터그 올웨이스퀘어2.jpg','터그 올웨이스퀘어3.jpg');
Insert into CAMPCAMP.PRODUCTS (PRODUCT_NO,CATEGORY_CODE,PRODUCT_NAME,PRICE,OFF_PRICE,EXPLAIN,PRODUCT_IMG,PRODUCT_CNT,RATING,INPUT_DATE,EXPLAIN_IMG1,EXPLAIN_IMG2,PRODUCT_IMG2,PRODUCT_IMG3) values (10778,'ML','터그 트래블색',1000,900,null,'터그 트래블색1.jpg',null,null,to_date('24/05/31','RR/MM/DD'),'HCC 레더 클러브 설명1.jpg','HCC 레더 클러브 설명2.jpg','터그 트래블색2.jpg','터그 트래블색3.jpg');
Insert into CAMPCAMP.PRODUCTS (PRODUCT_NO,CATEGORY_CODE,PRODUCT_NAME,PRICE,OFF_PRICE,EXPLAIN,PRODUCT_IMG,PRODUCT_CNT,RATING,INPUT_DATE,EXPLAIN_IMG1,EXPLAIN_IMG2,PRODUCT_IMG2,PRODUCT_IMG3) values (10779,'ML','터그 티어드롭',1000,900,null,'터그 티어드롭1.jpg',null,null,to_date('24/05/31','RR/MM/DD'),'HCC 레더 클러브 설명1.jpg','HCC 레더 클러브 설명2.jpg','터그 티어드롭2.jpg','터그 티어드롭3.jpg');
Insert into CAMPCAMP.PRODUCTS (PRODUCT_NO,CATEGORY_CODE,PRODUCT_NAME,PRICE,OFF_PRICE,EXPLAIN,PRODUCT_IMG,PRODUCT_CNT,RATING,INPUT_DATE,EXPLAIN_IMG1,EXPLAIN_IMG2,PRODUCT_IMG2,PRODUCT_IMG3) values (10781,'ML','터그짐색',1000,900,null,'터그짐색1.jpg',null,null,to_date('24/05/31','RR/MM/DD'),'HCC 레더 클러브 설명1.jpg','HCC 레더 클러브 설명2.jpg','터그짐색2.jpg','터그짐색3.jpg');
Insert into CAMPCAMP.PRODUCTS (PRODUCT_NO,CATEGORY_CODE,PRODUCT_NAME,PRICE,OFF_PRICE,EXPLAIN,PRODUCT_IMG,PRODUCT_CNT,RATING,INPUT_DATE,EXPLAIN_IMG1,EXPLAIN_IMG2,PRODUCT_IMG2,PRODUCT_IMG3) values (10782,'ML','터그호로백 S',1000,900,null,'터그호로백 S1.jpg',null,null,to_date('24/05/31','RR/MM/DD'),'HCC 레더 클러브 설명1.jpg','HCC 레더 클러브 설명2.jpg','터그호로백 S2.jpg','터그호로백 S3.jpg');
Insert into CAMPCAMP.PRODUCTS (PRODUCT_NO,CATEGORY_CODE,PRODUCT_NAME,PRICE,OFF_PRICE,EXPLAIN,PRODUCT_IMG,PRODUCT_CNT,RATING,INPUT_DATE,EXPLAIN_IMG1,EXPLAIN_IMG2,PRODUCT_IMG2,PRODUCT_IMG3) values (10783,'ML','터닝 보딩팩',1000,900,null,'터닝 보딩팩1.jpg',null,null,to_date('24/05/31','RR/MM/DD'),'HCC 레더 클러브 설명1.jpg','HCC 레더 클러브 설명2.jpg','터닝 보딩팩2.jpg','터닝 보딩팩3.jpg');
Insert into CAMPCAMP.PRODUCTS (PRODUCT_NO,CATEGORY_CODE,PRODUCT_NAME,PRICE,OFF_PRICE,EXPLAIN,PRODUCT_IMG,PRODUCT_CNT,RATING,INPUT_DATE,EXPLAIN_IMG1,EXPLAIN_IMG2,PRODUCT_IMG2,PRODUCT_IMG3) values (10784,'ML','테이블오 홈  오크',1000,900,null,'테이블오 홈  오크1.jpg',null,null,to_date('24/05/31','RR/MM/DD'),'HCC 레더 클러브 설명1.jpg','HCC 레더 클러브 설명2.jpg','테이블오 홈  오크2.jpg','테이블오 홈  오크3.jpg');
Insert into CAMPCAMP.PRODUCTS (PRODUCT_NO,CATEGORY_CODE,PRODUCT_NAME,PRICE,OFF_PRICE,EXPLAIN,PRODUCT_IMG,PRODUCT_CNT,RATING,INPUT_DATE,EXPLAIN_IMG1,EXPLAIN_IMG2,PRODUCT_IMG2,PRODUCT_IMG3) values (10026,'TA3','헬리녹스 테이블 브릿지',83000,80000,null,'헬리녹스 테이블 브릿지11.jpg',null,null,to_date('24/05/31','RR/MM/DD'),'HCC 레더 클러브 설명12.jpg','HCC 레더 클러브 설명21.jpg','헬리녹스 테이블 브릿지21.jpg','헬리녹스 테이블 브릿지31.jpg');
Insert into CAMPCAMP.PRODUCTS (PRODUCT_NO,CATEGORY_CODE,PRODUCT_NAME,PRICE,OFF_PRICE,EXPLAIN,PRODUCT_IMG,PRODUCT_CNT,RATING,INPUT_DATE,EXPLAIN_IMG1,EXPLAIN_IMG2,PRODUCT_IMG2,PRODUCT_IMG3) values (10027,'TA3','헬리녹스 카페 테이블 블랙',57000,55000,null,'헬리녹스 카페 테이블  블랙11.jpg',null,null,to_date('24/05/31','RR/MM/DD'),'HCC 레더 클러브 설명13.jpg','HCC 레더 클러브 설명22.jpg','헬리녹스 카페 테이블  블랙21.jpg','헬리녹스 카페 테이블  블랙31.jpg');
Insert into CAMPCAMP.PRODUCTS (PRODUCT_NO,CATEGORY_CODE,PRODUCT_NAME,PRICE,OFF_PRICE,EXPLAIN,PRODUCT_IMG,PRODUCT_CNT,RATING,INPUT_DATE,EXPLAIN_IMG1,EXPLAIN_IMG2,PRODUCT_IMG2,PRODUCT_IMG3) values (10028,'CHA','카페 테이블 홈 클래식 월넛',33000,32000,null,'카페 테이블 홈  클래식 월넛11.jpg',null,null,to_date('24/05/31','RR/MM/DD'),'HCC 레더 클러브 설명14.jpg','HCC 레더 클러브 설명23.jpg','카페 테이블 홈  클래식 월넛21.jpg','카페 테이블 홈  클래식 월넛31.jpg');
Insert into CAMPCAMP.PRODUCTS (PRODUCT_NO,CATEGORY_CODE,PRODUCT_NAME,PRICE,OFF_PRICE,EXPLAIN,PRODUCT_IMG,PRODUCT_CNT,RATING,INPUT_DATE,EXPLAIN_IMG1,EXPLAIN_IMG2,PRODUCT_IMG2,PRODUCT_IMG3) values (10029,'TA3','헬리녹스 카페 테이블 코요테탄',44000,42500,null,'헬리녹스 카페 테이블  코요테탄11.jpg',null,null,to_date('24/05/31','RR/MM/DD'),'HCC 레더 클러브 설명15.jpg','HCC 레더 클러브 설명24.jpg','헬리녹스 카페 테이블  코요테탄21.jpg','헬리녹스 카페 테이블  코요테탄31.jpg');
Insert into CAMPCAMP.PRODUCTS (PRODUCT_NO,CATEGORY_CODE,PRODUCT_NAME,PRICE,OFF_PRICE,EXPLAIN,PRODUCT_IMG,PRODUCT_CNT,RATING,INPUT_DATE,EXPLAIN_IMG1,EXPLAIN_IMG2,PRODUCT_IMG2,PRODUCT_IMG3) values (10816,'ML','헬리녹스 샌드앵커',1000,900,null,'헬리녹스 샌드앵커1.jpg',null,null,to_date('24/05/31','RR/MM/DD'),'HCC 레더 클러브 설명1.jpg','HCC 레더 클러브 설명2.jpg','헬리녹스 샌드앵커2.jpg','헬리녹스 샌드앵커3.jpg');
Insert into CAMPCAMP.PRODUCTS (PRODUCT_NO,CATEGORY_CODE,PRODUCT_NAME,PRICE,OFF_PRICE,EXPLAIN,PRODUCT_IMG,PRODUCT_CNT,RATING,INPUT_DATE,EXPLAIN_IMG1,EXPLAIN_IMG2,PRODUCT_IMG2,PRODUCT_IMG3) values (10787,'ML','테이블원 솔리드탑 코요테란,블랙 ',1000,900,null,'테이블원 솔리드탑 코요테란,블랙 1.jpg',null,null,to_date('24/05/31','RR/MM/DD'),'HCC 레더 클러브 설명1.jpg','HCC 레더 클러브 설명2.jpg','테이블원 솔리드탑 코요테란,블랙 2.jpg','테이블원 솔리드탑 코요테란,블랙 3.jpg');
Insert into CAMPCAMP.PRODUCTS (PRODUCT_NO,CATEGORY_CODE,PRODUCT_NAME,PRICE,OFF_PRICE,EXPLAIN,PRODUCT_IMG,PRODUCT_CNT,RATING,INPUT_DATE,EXPLAIN_IMG1,EXPLAIN_IMG2,PRODUCT_IMG2,PRODUCT_IMG3) values (10788,'ML','테이블원 하드탑  블랙 타이다이',1000,900,null,'테이블원 하드탑  블랙 타이다이1.jpg',null,null,to_date('24/05/31','RR/MM/DD'),'HCC 레더 클러브 설명1.jpg','HCC 레더 클러브 설명2.jpg','테이블원 하드탑  블랙 타이다이2.jpg','테이블원 하드탑  블랙 타이다이3.jpg');
Insert into CAMPCAMP.PRODUCTS (PRODUCT_NO,CATEGORY_CODE,PRODUCT_NAME,PRICE,OFF_PRICE,EXPLAIN,PRODUCT_IMG,PRODUCT_CNT,RATING,INPUT_DATE,EXPLAIN_IMG1,EXPLAIN_IMG2,PRODUCT_IMG2,PRODUCT_IMG3) values (10789,'ML','테이블포  코요테탄',1000,900,null,'테이블포  코요테탄1.jpg',null,null,to_date('24/05/31','RR/MM/DD'),'HCC 레더 클러브 설명1.jpg','HCC 레더 클러브 설명2.jpg','테이블포  코요테탄2.jpg','테이블포  코요테탄3.jpg');
Insert into CAMPCAMP.PRODUCTS (PRODUCT_NO,CATEGORY_CODE,PRODUCT_NAME,PRICE,OFF_PRICE,EXPLAIN,PRODUCT_IMG,PRODUCT_CNT,RATING,INPUT_DATE,EXPLAIN_IMG1,EXPLAIN_IMG2,PRODUCT_IMG2,PRODUCT_IMG3) values (10790,'ML','트레킹 폴  Causeway  DL145 (1pair)  Gold',1000,900,null,'트레킹 폴  Causeway  DL145 (1pair)  Gold1.jpg',null,null,to_date('24/05/31','RR/MM/DD'),'HCC 레더 클러브 설명1.jpg','HCC 레더 클러브 설명2.jpg','트레킹 폴  Causeway  DL145 (1pair)  Gold2.jpg','트레킹 폴  Causeway  DL145 (1pair)  Gold3.jpg');
Insert into CAMPCAMP.PRODUCTS (PRODUCT_NO,CATEGORY_CODE,PRODUCT_NAME,PRICE,OFF_PRICE,EXPLAIN,PRODUCT_IMG,PRODUCT_CNT,RATING,INPUT_DATE,EXPLAIN_IMG1,EXPLAIN_IMG2,PRODUCT_IMG2,PRODUCT_IMG3) values (10792,'ML','트레킹 폴  Ridgeline  DL135 (1pair)  Blue',1000,900,null,'트레킹 폴  Ridgeline  DL135 (1pair)  Blue1.jpg',null,null,to_date('24/05/31','RR/MM/DD'),'HCC 레더 클러브 설명1.jpg','HCC 레더 클러브 설명2.jpg','트레킹 폴  Ridgeline  DL135 (1pair)  Blue2.jpg','트레킹 폴  Ridgeline  DL135 (1pair)  Blue3.jpg');
Insert into CAMPCAMP.PRODUCTS (PRODUCT_NO,CATEGORY_CODE,PRODUCT_NAME,PRICE,OFF_PRICE,EXPLAIN,PRODUCT_IMG,PRODUCT_CNT,RATING,INPUT_DATE,EXPLAIN_IMG1,EXPLAIN_IMG2,PRODUCT_IMG2,PRODUCT_IMG3) values (10793,'ML','필트오피스 탑39cm19cm ',1000,900,null,'필트오피스 탑39cm19cm 1.jpg',null,null,to_date('24/05/31','RR/MM/DD'),'HCC 레더 클러브 설명1.jpg','HCC 레더 클러브 설명2.jpg','필트오피스 탑39cm19cm 2.jpg','필트오피스 탑39cm19cm 3.jpg');
Insert into CAMPCAMP.PRODUCTS (PRODUCT_NO,CATEGORY_CODE,PRODUCT_NAME,PRICE,OFF_PRICE,EXPLAIN,PRODUCT_IMG,PRODUCT_CNT,RATING,INPUT_DATE,EXPLAIN_IMG1,EXPLAIN_IMG2,PRODUCT_IMG2,PRODUCT_IMG3) values (10794,'ML','필트오피스 탑39cm39cm ',1000,900,null,'필트오피스 탑39cm39cm 1.jpg',null,null,to_date('24/05/31','RR/MM/DD'),'HCC 레더 클러브 설명1.jpg','HCC 레더 클러브 설명2.jpg','필트오피스 탑39cm39cm 2.jpg','필트오피스 탑39cm39cm 3.jpg');
Insert into CAMPCAMP.PRODUCTS (PRODUCT_NO,CATEGORY_CODE,PRODUCT_NAME,PRICE,OFF_PRICE,EXPLAIN,PRODUCT_IMG,PRODUCT_CNT,RATING,INPUT_DATE,EXPLAIN_IMG1,EXPLAIN_IMG2,PRODUCT_IMG2,PRODUCT_IMG3) values (10795,'ML','하이 코트원 홈  펠리컨',1000,900,null,'하이 코트원 홈  펠리컨1.jpg',null,null,to_date('24/05/31','RR/MM/DD'),'HCC 레더 클러브 설명1.jpg','HCC 레더 클러브 설명2.jpg','하이 코트원 홈  펠리컨2.jpg','하이 코트원 홈  펠리컨3.jpg');
Insert into CAMPCAMP.PRODUCTS (PRODUCT_NO,CATEGORY_CODE,PRODUCT_NAME,PRICE,OFF_PRICE,EXPLAIN,PRODUCT_IMG,PRODUCT_CNT,RATING,INPUT_DATE,EXPLAIN_IMG1,EXPLAIN_IMG2,PRODUCT_IMG2,PRODUCT_IMG3) values (10796,'ML','헬리넉스 한글날 티셔츠 ',1000,900,null,'헬리넉스 한글날 티셔츠 1.jpg',null,null,to_date('24/05/31','RR/MM/DD'),'HCC 레더 클러브 설명1.jpg','HCC 레더 클러브 설명2.jpg','헬리넉스 한글날 티셔츠 2.jpg','헬리넉스 한글날 티셔츠 3.jpg');
Insert into CAMPCAMP.PRODUCTS (PRODUCT_NO,CATEGORY_CODE,PRODUCT_NAME,PRICE,OFF_PRICE,EXPLAIN,PRODUCT_IMG,PRODUCT_CNT,RATING,INPUT_DATE,EXPLAIN_IMG1,EXPLAIN_IMG2,PRODUCT_IMG2,PRODUCT_IMG3) values (10797,'ML','헬리녹스 Hello my Name is  벨크로 패치',1000,900,null,'헬리녹스 Hello my Name is  벨크로 패치1.jpg',null,null,to_date('24/05/31','RR/MM/DD'),'HCC 레더 클러브 설명1.jpg','HCC 레더 클러브 설명2.jpg','헬리녹스 Hello my Name is  벨크로 패치2.jpg','헬리녹스 Hello my Name is  벨크로 패치3.jpg');
Insert into CAMPCAMP.PRODUCTS (PRODUCT_NO,CATEGORY_CODE,PRODUCT_NAME,PRICE,OFF_PRICE,EXPLAIN,PRODUCT_IMG,PRODUCT_CNT,RATING,INPUT_DATE,EXPLAIN_IMG1,EXPLAIN_IMG2,PRODUCT_IMG2,PRODUCT_IMG3) values (10798,'ML','헬리녹스 노나타프  블랙',1000,900,null,'헬리녹스 노나타프  블랙1.jpg',null,null,to_date('24/05/31','RR/MM/DD'),'HCC 레더 클러브 설명1.jpg','HCC 레더 클러브 설명2.jpg','헬리녹스 노나타프  블랙2.jpg','헬리녹스 노나타프  블랙3.jpg');
Insert into CAMPCAMP.PRODUCTS (PRODUCT_NO,CATEGORY_CODE,PRODUCT_NAME,PRICE,OFF_PRICE,EXPLAIN,PRODUCT_IMG,PRODUCT_CNT,RATING,INPUT_DATE,EXPLAIN_IMG1,EXPLAIN_IMG2,PRODUCT_IMG2,PRODUCT_IMG3) values (10799,'ML','헬리녹스 데이지 체인',1000,900,null,'헬리녹스 데이지 체인1.jpg',null,null,to_date('24/05/31','RR/MM/DD'),'HCC 레더 클러브 설명1.jpg','HCC 레더 클러브 설명2.jpg','헬리녹스 데이지 체인2.jpg','헬리녹스 데이지 체인3.jpg');
Insert into CAMPCAMP.PRODUCTS (PRODUCT_NO,CATEGORY_CODE,PRODUCT_NAME,PRICE,OFF_PRICE,EXPLAIN,PRODUCT_IMG,PRODUCT_CNT,RATING,INPUT_DATE,EXPLAIN_IMG1,EXPLAIN_IMG2,PRODUCT_IMG2,PRODUCT_IMG3) values (10801,'UL','헬리녹스 라이트코트  그레이',1000,900,null,'헬리녹스 라이트코트  그레이1.jpg',null,null,to_date('24/05/31','RR/MM/DD'),'HCC 레더 클러브 설명1.jpg','HCC 레더 클러브 설명2.jpg','헬리녹스 라이트코트  그레이2.jpg','헬리녹스 라이트코트  그레이3.jpg');
Insert into CAMPCAMP.PRODUCTS (PRODUCT_NO,CATEGORY_CODE,PRODUCT_NAME,PRICE,OFF_PRICE,EXPLAIN,PRODUCT_IMG,PRODUCT_CNT,RATING,INPUT_DATE,EXPLAIN_IMG1,EXPLAIN_IMG2,PRODUCT_IMG2,PRODUCT_IMG3) values (10802,'UL','헬리녹스 라이트코트  샌드',1000,900,null,'헬리녹스 라이트코트  샌드1.jpg',null,null,to_date('24/05/31','RR/MM/DD'),'HCC 레더 클러브 설명1.jpg','HCC 레더 클러브 설명2.jpg','헬리녹스 라이트코트  샌드2.jpg','헬리녹스 라이트코트  샌드3.jpg');
Insert into CAMPCAMP.PRODUCTS (PRODUCT_NO,CATEGORY_CODE,PRODUCT_NAME,PRICE,OFF_PRICE,EXPLAIN,PRODUCT_IMG,PRODUCT_CNT,RATING,INPUT_DATE,EXPLAIN_IMG1,EXPLAIN_IMG2,PRODUCT_IMG2,PRODUCT_IMG3) values (10803,'ML','헬리녹스 락킹풋 3총 ',1000,900,null,'헬리녹스 락킹풋 3총 1.jpg',null,null,to_date('24/05/31','RR/MM/DD'),'HCC 레더 클러브 설명1.jpg','HCC 레더 클러브 설명2.jpg','헬리녹스 락킹풋 3총 2.jpg','헬리녹스 락킹풋 3총 3.jpg');
Insert into CAMPCAMP.PRODUCTS (PRODUCT_NO,CATEGORY_CODE,PRODUCT_NAME,PRICE,OFF_PRICE,EXPLAIN,PRODUCT_IMG,PRODUCT_CNT,RATING,INPUT_DATE,EXPLAIN_IMG1,EXPLAIN_IMG2,PRODUCT_IMG2,PRODUCT_IMG3) values (10804,'PA','헬리녹스 랩탑 파우치 ',1000,900,null,'헬리녹스 랩탑 파우치 1.jpg',null,null,to_date('24/05/31','RR/MM/DD'),'HCC 레더 클러브 설명1.jpg','HCC 레더 클러브 설명2.jpg','헬리녹스 랩탑 파우치 2.jpg','헬리녹스 랩탑 파우치 3.jpg');
Insert into CAMPCAMP.PRODUCTS (PRODUCT_NO,CATEGORY_CODE,PRODUCT_NAME,PRICE,OFF_PRICE,EXPLAIN,PRODUCT_IMG,PRODUCT_CNT,RATING,INPUT_DATE,EXPLAIN_IMG1,EXPLAIN_IMG2,PRODUCT_IMG2,PRODUCT_IMG3) values (10805,'ML','헬리녹스 마스크',1000,900,null,'헬리녹스 마스크1.jpg',null,null,to_date('24/05/31','RR/MM/DD'),'HCC 레더 클러브 설명1.jpg','HCC 레더 클러브 설명2.jpg','헬리녹스 마스크2.jpg','헬리녹스 마스크3.jpg');
Insert into CAMPCAMP.PRODUCTS (PRODUCT_NO,CATEGORY_CODE,PRODUCT_NAME,PRICE,OFF_PRICE,EXPLAIN,PRODUCT_IMG,PRODUCT_CNT,RATING,INPUT_DATE,EXPLAIN_IMG1,EXPLAIN_IMG2,PRODUCT_IMG2,PRODUCT_IMG3) values (10806,'ML','헬리녹스 몰리 클립',1000,900,null,'헬리녹스 몰리 클립1.jpg',null,null,to_date('24/05/31','RR/MM/DD'),'HCC 레더 클러브 설명1.jpg','HCC 레더 클러브 설명2.jpg','헬리녹스 몰리 클립2.jpg','헬리녹스 몰리 클립3.jpg');
Insert into CAMPCAMP.PRODUCTS (PRODUCT_NO,CATEGORY_CODE,PRODUCT_NAME,PRICE,OFF_PRICE,EXPLAIN,PRODUCT_IMG,PRODUCT_CNT,RATING,INPUT_DATE,EXPLAIN_IMG1,EXPLAIN_IMG2,PRODUCT_IMG2,PRODUCT_IMG3) values (10807,'ML','헬리녹스 백팩 스트랩 ',1000,900,null,'헬리녹스 백팩 스트랩 1.jpg',null,null,to_date('24/05/31','RR/MM/DD'),'HCC 레더 클러브 설명1.jpg','HCC 레더 클러브 설명2.jpg','헬리녹스 백팩 스트랩 2.jpg','헬리녹스 백팩 스트랩 3.jpg');
Insert into CAMPCAMP.PRODUCTS (PRODUCT_NO,CATEGORY_CODE,PRODUCT_NAME,PRICE,OFF_PRICE,EXPLAIN,PRODUCT_IMG,PRODUCT_CNT,RATING,INPUT_DATE,EXPLAIN_IMG1,EXPLAIN_IMG2,PRODUCT_IMG2,PRODUCT_IMG3) values (10809,'ML','헬리녹스 볼핀TM',1000,900,null,'헬리녹스 볼핀TM1.jpg',null,null,to_date('24/05/31','RR/MM/DD'),'HCC 레더 클러브 설명1.jpg','HCC 레더 클러브 설명2.jpg','헬리녹스 볼핀TM2.jpg','헬리녹스 볼핀TM3.jpg');
Insert into CAMPCAMP.PRODUCTS (PRODUCT_NO,CATEGORY_CODE,PRODUCT_NAME,PRICE,OFF_PRICE,EXPLAIN,PRODUCT_IMG,PRODUCT_CNT,RATING,INPUT_DATE,EXPLAIN_IMG1,EXPLAIN_IMG2,PRODUCT_IMG2,PRODUCT_IMG3) values (10810,'ML','헬리녹스 브이타프 4.0  화이트(실버)',1000,900,null,'헬리녹스 브이타프 4.0  화이트(실버)1.jpg',null,null,to_date('24/05/31','RR/MM/DD'),'HCC 레더 클러브 설명1.jpg','HCC 레더 클러브 설명2.jpg','헬리녹스 브이타프 4.0  화이트(실버)2.jpg','헬리녹스 브이타프 4.0  화이트(실버)3.jpg');
Insert into CAMPCAMP.PRODUCTS (PRODUCT_NO,CATEGORY_CODE,PRODUCT_NAME,PRICE,OFF_PRICE,EXPLAIN,PRODUCT_IMG,PRODUCT_CNT,RATING,INPUT_DATE,EXPLAIN_IMG1,EXPLAIN_IMG2,PRODUCT_IMG2,PRODUCT_IMG3) values (10811,'ML','헬리녹스 비치타울 ',1000,900,null,'헬리녹스 비치타울 1.jpg',null,null,to_date('24/05/31','RR/MM/DD'),'HCC 레더 클러브 설명1.jpg','HCC 레더 클러브 설명2.jpg','헬리녹스 비치타울 2.jpg','헬리녹스 비치타울 3.jpg');
Insert into CAMPCAMP.PRODUCTS (PRODUCT_NO,CATEGORY_CODE,PRODUCT_NAME,PRICE,OFF_PRICE,EXPLAIN,PRODUCT_IMG,PRODUCT_CNT,RATING,INPUT_DATE,EXPLAIN_IMG1,EXPLAIN_IMG2,PRODUCT_IMG2,PRODUCT_IMG3) values (10812,'ML','헬리녹스 사이드 테이블 미디움  블랙',1000,900,null,'헬리녹스 사이드 테이블 미디움  블랙1.jpg',null,null,to_date('24/05/31','RR/MM/DD'),'HCC 레더 클러브 설명1.jpg','HCC 레더 클러브 설명2.jpg','헬리녹스 사이드 테이블 미디움  블랙2.jpg','헬리녹스 사이드 테이블 미디움  블랙3.jpg');
Insert into CAMPCAMP.PRODUCTS (PRODUCT_NO,CATEGORY_CODE,PRODUCT_NAME,PRICE,OFF_PRICE,EXPLAIN,PRODUCT_IMG,PRODUCT_CNT,RATING,INPUT_DATE,EXPLAIN_IMG1,EXPLAIN_IMG2,PRODUCT_IMG2,PRODUCT_IMG3) values (10813,'ML','헬리녹스 사이드 테이블 미디움  퍼티',1000,900,null,'헬리녹스 사이드 테이블 미디움  퍼티1.jpg',null,null,to_date('24/05/31','RR/MM/DD'),'HCC 레더 클러브 설명1.jpg','HCC 레더 클러브 설명2.jpg','헬리녹스 사이드 테이블 미디움  퍼티2.jpg','헬리녹스 사이드 테이블 미디움  퍼티3.jpg');
Insert into CAMPCAMP.PRODUCTS (PRODUCT_NO,CATEGORY_CODE,PRODUCT_NAME,PRICE,OFF_PRICE,EXPLAIN,PRODUCT_IMG,PRODUCT_CNT,RATING,INPUT_DATE,EXPLAIN_IMG1,EXPLAIN_IMG2,PRODUCT_IMG2,PRODUCT_IMG3) values (10815,'PA','헬리녹스 사이트 파우치 스몰 ',1000,900,null,'헬리녹스 사이트 파우치 스몰 1.jpg',null,null,to_date('24/05/31','RR/MM/DD'),'HCC 레더 클러브 설명1.jpg','HCC 레더 클러브 설명2.jpg','헬리녹스 사이트 파우치 스몰 2.jpg','헬리녹스 사이트 파우치 스몰 3.jpg');
Insert into CAMPCAMP.PRODUCTS (PRODUCT_NO,CATEGORY_CODE,PRODUCT_NAME,PRICE,OFF_PRICE,EXPLAIN,PRODUCT_IMG,PRODUCT_CNT,RATING,INPUT_DATE,EXPLAIN_IMG1,EXPLAIN_IMG2,PRODUCT_IMG2,PRODUCT_IMG3) values (10817,'ML','헬리녹스 샌들백 ',1000,900,null,'헬리녹스 샌들백 1.jpg',null,null,to_date('24/05/31','RR/MM/DD'),'HCC 레더 클러브 설명1.jpg','HCC 레더 클러브 설명2.jpg','헬리녹스 샌들백 2.jpg','헬리녹스 샌들백 3.jpg');
Insert into CAMPCAMP.PRODUCTS (PRODUCT_NO,CATEGORY_CODE,PRODUCT_NAME,PRICE,OFF_PRICE,EXPLAIN,PRODUCT_IMG,PRODUCT_CNT,RATING,INPUT_DATE,EXPLAIN_IMG1,EXPLAIN_IMG2,PRODUCT_IMG2,PRODUCT_IMG3) values (10818,'ML','헬리녹스 선블록원 ',1000,900,null,'헬리녹스 선블록원 1.jpg',null,null,to_date('24/05/31','RR/MM/DD'),'HCC 레더 클러브 설명1.jpg','HCC 레더 클러브 설명2.jpg','헬리녹스 선블록원 2.jpg','헬리녹스 선블록원 3.jpg');
Insert into CAMPCAMP.PRODUCTS (PRODUCT_NO,CATEGORY_CODE,PRODUCT_NAME,PRICE,OFF_PRICE,EXPLAIN,PRODUCT_IMG,PRODUCT_CNT,RATING,INPUT_DATE,EXPLAIN_IMG1,EXPLAIN_IMG2,PRODUCT_IMG2,PRODUCT_IMG3) values (10819,'ML','헬리녹스 스노우 바스캣',1000,900,null,'헬리녹스 스노우 바스캣1.jpg',null,null,to_date('24/05/31','RR/MM/DD'),'HCC 레더 클러브 설명1.jpg','HCC 레더 클러브 설명2.jpg','헬리녹스 스노우 바스캣2.png','헬리녹스 스노우 바스캣3.jpg');
Insert into CAMPCAMP.PRODUCTS (PRODUCT_NO,CATEGORY_CODE,PRODUCT_NAME,PRICE,OFF_PRICE,EXPLAIN,PRODUCT_IMG,PRODUCT_CNT,RATING,INPUT_DATE,EXPLAIN_IMG1,EXPLAIN_IMG2,PRODUCT_IMG2,PRODUCT_IMG3) values (10820,'ML','헬리녹스 스토퍼',1000,900,null,'헬리녹스 스토퍼1.jpg',null,null,to_date('24/05/31','RR/MM/DD'),'HCC 레더 클러브 설명1.jpg','HCC 레더 클러브 설명2.jpg','헬리녹스 스토퍼2.jpg','헬리녹스 스토퍼3.jpg');
Insert into CAMPCAMP.PRODUCTS (PRODUCT_NO,CATEGORY_CODE,PRODUCT_NAME,PRICE,OFF_PRICE,EXPLAIN,PRODUCT_IMG,PRODUCT_CNT,RATING,INPUT_DATE,EXPLAIN_IMG1,EXPLAIN_IMG2,PRODUCT_IMG2,PRODUCT_IMG3) values (10821,'ML','헬리녹스 스트링',1000,900,null,'헬리녹스 스트링1.jpg',null,null,to_date('24/05/31','RR/MM/DD'),'HCC 레더 클러브 설명1.jpg','HCC 레더 클러브 설명2.jpg','헬리녹스 스트링2.jpg','헬리녹스 스트링3.jpg');
Insert into CAMPCAMP.PRODUCTS (PRODUCT_NO,CATEGORY_CODE,PRODUCT_NAME,PRICE,OFF_PRICE,EXPLAIN,PRODUCT_IMG,PRODUCT_CNT,RATING,INPUT_DATE,EXPLAIN_IMG1,EXPLAIN_IMG2,PRODUCT_IMG2,PRODUCT_IMG3) values (10823,'ML','헬리녹스 시트워머 홈 ',1000,900,null,'헬리녹스 시트워머 홈 1.jpg',null,null,to_date('24/05/31','RR/MM/DD'),'HCC 레더 클러브 설명1.jpg','HCC 레더 클러브 설명2.jpg','헬리녹스 시트워머 홈 2.jpg','헬리녹스 시트워머 홈 3.jpg');
Insert into CAMPCAMP.PRODUCTS (PRODUCT_NO,CATEGORY_CODE,PRODUCT_NAME,PRICE,OFF_PRICE,EXPLAIN,PRODUCT_IMG,PRODUCT_CNT,RATING,INPUT_DATE,EXPLAIN_IMG1,EXPLAIN_IMG2,PRODUCT_IMG2,PRODUCT_IMG3) values (10824,'ML','헬리녹스 실리콘 메트ML ',1000,900,null,'헬리녹스 실리콘 메트ML 1.jpg',null,null,to_date('24/05/31','RR/MM/DD'),'HCC 레더 클러브 설명1.jpg','HCC 레더 클러브 설명2.jpg','헬리녹스 실리콘 메트ML 2.jpg','헬리녹스 실리콘 메트ML 3.jpg');
Insert into CAMPCAMP.PRODUCTS (PRODUCT_NO,CATEGORY_CODE,PRODUCT_NAME,PRICE,OFF_PRICE,EXPLAIN,PRODUCT_IMG,PRODUCT_CNT,RATING,INPUT_DATE,EXPLAIN_IMG1,EXPLAIN_IMG2,PRODUCT_IMG2,PRODUCT_IMG3) values (10825,'ML','헬리녹스 썸머키트 코트원',1000,900,null,'헬리녹스 썸머키트 코트원1.jpg',null,null,to_date('24/05/31','RR/MM/DD'),'HCC 레더 클러브 설명1.jpg','HCC 레더 클러브 설명2.jpg','헬리녹스 썸머키트 코트원2.jpg','헬리녹스 썸머키트 코트원3.jpg');
Insert into CAMPCAMP.PRODUCTS (PRODUCT_NO,CATEGORY_CODE,PRODUCT_NAME,PRICE,OFF_PRICE,EXPLAIN,PRODUCT_IMG,PRODUCT_CNT,RATING,INPUT_DATE,EXPLAIN_IMG1,EXPLAIN_IMG2,PRODUCT_IMG2,PRODUCT_IMG3) values (10826,'ML','헬리녹스 알파인돔 2p 풋프린트  블랙',1000,900,null,'헬리녹스 알파인돔 2p 풋프린트  블랙1.jpg',null,null,to_date('24/05/31','RR/MM/DD'),'HCC 레더 클러브 설명1.jpg','HCC 레더 클러브 설명2.jpg','헬리녹스 알파인돔 2p 풋프린트  블랙2.jpg','헬리녹스 알파인돔 2p 풋프린트  블랙3.jpg');
Insert into CAMPCAMP.PRODUCTS (PRODUCT_NO,CATEGORY_CODE,PRODUCT_NAME,PRICE,OFF_PRICE,EXPLAIN,PRODUCT_IMG,PRODUCT_CNT,RATING,INPUT_DATE,EXPLAIN_IMG1,EXPLAIN_IMG2,PRODUCT_IMG2,PRODUCT_IMG3) values (10827,'ML','헬리녹스 알파인듬 플라이 ',1000,900,null,'헬리녹스 알파인듬 플라이 1.jpg',null,null,to_date('24/05/31','RR/MM/DD'),'HCC 레더 클러브 설명1.jpg','HCC 레더 클러브 설명2.jpg','헬리녹스 알파인듬 플라이 2.jpg','헬리녹스 알파인듬 플라이 3.jpg');
Insert into CAMPCAMP.PRODUCTS (PRODUCT_NO,CATEGORY_CODE,PRODUCT_NAME,PRICE,OFF_PRICE,EXPLAIN,PRODUCT_IMG,PRODUCT_CNT,RATING,INPUT_DATE,EXPLAIN_IMG1,EXPLAIN_IMG2,PRODUCT_IMG2,PRODUCT_IMG3) values (10828,'ML','헬리녹스 액티비티 케이스 ',1000,900,null,'헬리녹스 액티비티 케이스 1.jpg',null,null,to_date('24/05/31','RR/MM/DD'),'HCC 레더 클러브 설명1.jpg','HCC 레더 클러브 설명2.jpg','헬리녹스 액티비티 케이스 2.jpg','헬리녹스 액티비티 케이스 3.jpg');
Insert into CAMPCAMP.PRODUCTS (PRODUCT_NO,CATEGORY_CODE,PRODUCT_NAME,PRICE,OFF_PRICE,EXPLAIN,PRODUCT_IMG,PRODUCT_CNT,RATING,INPUT_DATE,EXPLAIN_IMG1,EXPLAIN_IMG2,PRODUCT_IMG2,PRODUCT_IMG3) values (10829,'PA','헬리녹스 이너 파우치 세트',1000,900,null,'헬리녹스 이너 파우치 세트1.jpg',null,null,to_date('24/05/31','RR/MM/DD'),'HCC 레더 클러브 설명1.jpg','HCC 레더 클러브 설명2.jpg','헬리녹스 이너 파우치 세트2.jpg','헬리녹스 이너 파우치 세트3.jpg');
Insert into CAMPCAMP.PRODUCTS (PRODUCT_NO,CATEGORY_CODE,PRODUCT_NAME,PRICE,OFF_PRICE,EXPLAIN,PRODUCT_IMG,PRODUCT_CNT,RATING,INPUT_DATE,EXPLAIN_IMG1,EXPLAIN_IMG2,PRODUCT_IMG2,PRODUCT_IMG3) values (10830,'ML','헬리녹스 인슈레이티드 도그 코트커버 ',1000,900,null,'헬리녹스 인슈레이티드 도그 코트커버 1.jpg',null,null,to_date('24/05/31','RR/MM/DD'),'HCC 레더 클러브 설명1.jpg','HCC 레더 클러브 설명2.jpg','헬리녹스 인슈레이티드 도그 코트커버 2.jpg','헬리녹스 인슈레이티드 도그 코트커버 3.jpg');
Insert into CAMPCAMP.PRODUCTS (PRODUCT_NO,CATEGORY_CODE,PRODUCT_NAME,PRICE,OFF_PRICE,EXPLAIN,PRODUCT_IMG,PRODUCT_CNT,RATING,INPUT_DATE,EXPLAIN_IMG1,EXPLAIN_IMG2,PRODUCT_IMG2,PRODUCT_IMG3) values (10832,'ML','헬리녹스 제이스테이크 S ',1000,900,null,'헬리녹스 제이스테이크 S 1.jpg',null,null,to_date('24/05/31','RR/MM/DD'),'HCC 레더 클러브 설명1.jpg','HCC 레더 클러브 설명2.jpg','헬리녹스 제이스테이크 S 2.jpg','헬리녹스 제이스테이크 S 3.jpg');
Insert into CAMPCAMP.PRODUCTS (PRODUCT_NO,CATEGORY_CODE,PRODUCT_NAME,PRICE,OFF_PRICE,EXPLAIN,PRODUCT_IMG,PRODUCT_CNT,RATING,INPUT_DATE,EXPLAIN_IMG1,EXPLAIN_IMG2,PRODUCT_IMG2,PRODUCT_IMG3) values (10833,'ML','헬리녹스 체어 공용 고무발',1000,900,null,'헬리녹스 체어 공용 고무발1.jpg',null,null,to_date('24/05/31','RR/MM/DD'),'HCC 레더 클러브 설명1.jpg','HCC 레더 클러브 설명2.jpg','헬리녹스 체어 공용 고무발2.jpg','헬리녹스 체어 공용 고무발3.jpg');
Insert into CAMPCAMP.PRODUCTS (PRODUCT_NO,CATEGORY_CODE,PRODUCT_NAME,PRICE,OFF_PRICE,EXPLAIN,PRODUCT_IMG,PRODUCT_CNT,RATING,INPUT_DATE,EXPLAIN_IMG1,EXPLAIN_IMG2,PRODUCT_IMG2,PRODUCT_IMG3) values (10834,'ML','헬리녹스 카페 체어  코요테탄',1000,900,null,'헬리녹스 카페 체어  코요테탄1.jpg',null,null,to_date('24/05/31','RR/MM/DD'),'HCC 레더 클러브 설명1.jpg','HCC 레더 클러브 설명2.jpg','헬리녹스 카페 체어  코요테탄2.jpg','헬리녹스 카페 체어  코요테탄3.jpg');
Insert into CAMPCAMP.PRODUCTS (PRODUCT_NO,CATEGORY_CODE,PRODUCT_NAME,PRICE,OFF_PRICE,EXPLAIN,PRODUCT_IMG,PRODUCT_CNT,RATING,INPUT_DATE,EXPLAIN_IMG1,EXPLAIN_IMG2,PRODUCT_IMG2,PRODUCT_IMG3) values (10835,'ML','헬리녹스 카페 체어 블랙',1000,900,null,'헬리녹스 카페 체어 블랙1.jpg',null,null,to_date('24/05/31','RR/MM/DD'),'HCC 레더 클러브 설명1.jpg','HCC 레더 클러브 설명2.jpg','헬리녹스 카페 체어 블랙2.jpg','헬리녹스 카페 체어 블랙3.jpg');
Insert into CAMPCAMP.PRODUCTS (PRODUCT_NO,CATEGORY_CODE,PRODUCT_NAME,PRICE,OFF_PRICE,EXPLAIN,PRODUCT_IMG,PRODUCT_CNT,RATING,INPUT_DATE,EXPLAIN_IMG1,EXPLAIN_IMG2,PRODUCT_IMG2,PRODUCT_IMG3) values (10836,'ML','헬리녹스 카페 테이블  블랙',1000,900,null,'헬리녹스 카페 테이블  블랙1.jpg',null,null,to_date('24/05/31','RR/MM/DD'),'HCC 레더 클러브 설명1.jpg','HCC 레더 클러브 설명2.jpg','헬리녹스 카페 테이블  블랙2.jpg','헬리녹스 카페 테이블  블랙3.jpg');
Insert into CAMPCAMP.PRODUCTS (PRODUCT_NO,CATEGORY_CODE,PRODUCT_NAME,PRICE,OFF_PRICE,EXPLAIN,PRODUCT_IMG,PRODUCT_CNT,RATING,INPUT_DATE,EXPLAIN_IMG1,EXPLAIN_IMG2,PRODUCT_IMG2,PRODUCT_IMG3) values (10837,'ML','헬리녹스 카페 테이블  코요테탄',1000,900,null,'헬리녹스 카페 테이블  코요테탄1.jpg',null,null,to_date('24/05/31','RR/MM/DD'),'HCC 레더 클러브 설명1.jpg','HCC 레더 클러브 설명2.jpg','헬리녹스 카페 테이블  코요테탄2.jpg','헬리녹스 카페 테이블  코요테탄3.jpg');
Insert into CAMPCAMP.PRODUCTS (PRODUCT_NO,CATEGORY_CODE,PRODUCT_NAME,PRICE,OFF_PRICE,EXPLAIN,PRODUCT_IMG,PRODUCT_CNT,RATING,INPUT_DATE,EXPLAIN_IMG1,EXPLAIN_IMG2,PRODUCT_IMG2,PRODUCT_IMG3) values (10838,'ML','헬리녹스 캠핑 물티슈 ',1000,900,null,'헬리녹스 캠핑 물티슈 1.jpg',null,null,to_date('24/05/31','RR/MM/DD'),'HCC 레더 클러브 설명1.jpg','HCC 레더 클러브 설명2.jpg','헬리녹스 캠핑 물티슈 2.jpg','헬리녹스 캠핑 물티슈 3.jpg');
Insert into CAMPCAMP.PRODUCTS (PRODUCT_NO,CATEGORY_CODE,PRODUCT_NAME,PRICE,OFF_PRICE,EXPLAIN,PRODUCT_IMG,PRODUCT_CNT,RATING,INPUT_DATE,EXPLAIN_IMG1,EXPLAIN_IMG2,PRODUCT_IMG2,PRODUCT_IMG3) values (10839,'ML','헬리녹스 컴홀더 플라스틱',1000,900,null,'헬리녹스 컴홀더 플라스틱1.jpg',null,null,to_date('24/05/31','RR/MM/DD'),'HCC 레더 클러브 설명1.jpg','HCC 레더 클러브 설명2.jpg','헬리녹스 컴홀더 플라스틱2.jpg','헬리녹스 컴홀더 플라스틱3.jpg');
Insert into CAMPCAMP.PRODUCTS (PRODUCT_NO,CATEGORY_CODE,PRODUCT_NAME,PRICE,OFF_PRICE,EXPLAIN,PRODUCT_IMG,PRODUCT_CNT,RATING,INPUT_DATE,EXPLAIN_IMG1,EXPLAIN_IMG2,PRODUCT_IMG2,PRODUCT_IMG3) values (10841,'ML','헬리녹스 코트라지 컨버터블  블랙아웃에디션',1000,900,null,'헬리녹스 코트라지 컨버터블  블랙아웃에디션1.jpg',null,null,to_date('24/05/31','RR/MM/DD'),'HCC 레더 클러브 설명1.jpg','HCC 레더 클러브 설명2.jpg','헬리녹스 코트라지 컨버터블  블랙아웃에디션2.jpg','헬리녹스 코트라지 컨버터블  블랙아웃에디션3.jpg');
Insert into CAMPCAMP.PRODUCTS (PRODUCT_NO,CATEGORY_CODE,PRODUCT_NAME,PRICE,OFF_PRICE,EXPLAIN,PRODUCT_IMG,PRODUCT_CNT,RATING,INPUT_DATE,EXPLAIN_IMG1,EXPLAIN_IMG2,PRODUCT_IMG2,PRODUCT_IMG3) values (10842,'ML','헬리녹스 코트워머 ',1000,900,null,'헬리녹스 코트워머 1.jpg',null,null,to_date('24/05/31','RR/MM/DD'),'HCC 레더 클러브 설명1.jpg','HCC 레더 클러브 설명2.jpg','헬리녹스 코트워머 2.jpg','헬리녹스 코트워머 3.jpg');
Insert into CAMPCAMP.PRODUCTS (PRODUCT_NO,CATEGORY_CODE,PRODUCT_NAME,PRICE,OFF_PRICE,EXPLAIN,PRODUCT_IMG,PRODUCT_CNT,RATING,INPUT_DATE,EXPLAIN_IMG1,EXPLAIN_IMG2,PRODUCT_IMG2,PRODUCT_IMG3) values (10843,'ML','헬리녹스 코트원 컨버터블  블루 반다나 퀼트',1000,900,null,'헬리녹스 코트원 컨버터블  블루 반다나 퀼트1.jpg',null,null,to_date('24/05/31','RR/MM/DD'),'HCC 레더 클러브 설명1.jpg','HCC 레더 클러브 설명2.jpg','헬리녹스 코트원 컨버터블  블루 반다나 퀼트2.jpg','헬리녹스 코트원 컨버터블  블루 반다나 퀼트3.jpg');
Insert into CAMPCAMP.PRODUCTS (PRODUCT_NO,CATEGORY_CODE,PRODUCT_NAME,PRICE,OFF_PRICE,EXPLAIN,PRODUCT_IMG,PRODUCT_CNT,RATING,INPUT_DATE,EXPLAIN_IMG1,EXPLAIN_IMG2,PRODUCT_IMG2,PRODUCT_IMG3) values (10844,'ML','헬리녹스 타프폴1800DL ',1000,900,null,'헬리녹스 타프폴1800DL 1.jpg',null,null,to_date('24/05/31','RR/MM/DD'),'HCC 레더 클러브 설명1.jpg','HCC 레더 클러브 설명2.jpg','헬리녹스 타프폴1800DL 2.jpg','헬리녹스 타프폴1800DL 3.jpg');
Insert into CAMPCAMP.PRODUCTS (PRODUCT_NO,CATEGORY_CODE,PRODUCT_NAME,PRICE,OFF_PRICE,EXPLAIN,PRODUCT_IMG,PRODUCT_CNT,RATING,INPUT_DATE,EXPLAIN_IMG1,EXPLAIN_IMG2,PRODUCT_IMG2,PRODUCT_IMG3) values (10845,'ML','헬리녹스 타프폴',1000,900,null,'헬리녹스 타프폴1.jpg',null,null,to_date('24/05/31','RR/MM/DD'),'HCC 레더 클러브 설명1.jpg','HCC 레더 클러브 설명2.jpg','헬리녹스 타프폴2.jpg','헬리녹스 타프폴3.jpg');
Insert into CAMPCAMP.PRODUCTS (PRODUCT_NO,CATEGORY_CODE,PRODUCT_NAME,PRICE,OFF_PRICE,EXPLAIN,PRODUCT_IMG,PRODUCT_CNT,RATING,INPUT_DATE,EXPLAIN_IMG1,EXPLAIN_IMG2,PRODUCT_IMG2,PRODUCT_IMG3) values (10846,'ML','헬리녹스 택티컬 브이타프 ',1000,900,null,'헬리녹스 택티컬 브이타프 1.jpg',null,null,to_date('24/05/31','RR/MM/DD'),'HCC 레더 클러브 설명1.jpg','HCC 레더 클러브 설명2.jpg','헬리녹스 택티컬 브이타프 2.jpg','헬리녹스 택티컬 브이타프 3.jpg');
Insert into CAMPCAMP.PRODUCTS (PRODUCT_NO,CATEGORY_CODE,PRODUCT_NAME,PRICE,OFF_PRICE,EXPLAIN,PRODUCT_IMG,PRODUCT_CNT,RATING,INPUT_DATE,EXPLAIN_IMG1,EXPLAIN_IMG2,PRODUCT_IMG2,PRODUCT_IMG3) values (10848,'ML','헬리녹스 택티컬 코트 컨버터블  코요테 탄',1000,900,null,'헬리녹스 택티컬 코트 컨버터블  코요테 탄1.jpg',null,4.75,to_date('24/05/31','RR/MM/DD'),'HCC 레더 클러브 설명1.jpg','HCC 레더 클러브 설명2.jpg','헬리녹스 택티컬 코트 컨버터블  코요테 탄2.jpg','헬리녹스 택티컬 코트 컨버터블  코요테 탄3.jpg');
Insert into CAMPCAMP.PRODUCTS (PRODUCT_NO,CATEGORY_CODE,PRODUCT_NAME,PRICE,OFF_PRICE,EXPLAIN,PRODUCT_IMG,PRODUCT_CNT,RATING,INPUT_DATE,EXPLAIN_IMG1,EXPLAIN_IMG2,PRODUCT_IMG2,PRODUCT_IMG3) values (10850,'ML','헬리녹스 택티컬 필드 커버  블랙 플리지그린 ',1000,900,null,'헬리녹스 택티컬 필드 커버  블랙 플리지그린 1.jpg',null,null,to_date('24/05/31','RR/MM/DD'),'HCC 레더 클러브 설명1.jpg','HCC 레더 클러브 설명2.jpg','헬리녹스 택티컬 필드 커버  블랙 플리지그린 2.jpg','헬리녹스 택티컬 필드 커버  블랙 플리지그린 3.jpg');
Insert into CAMPCAMP.PRODUCTS (PRODUCT_NO,CATEGORY_CODE,PRODUCT_NAME,PRICE,OFF_PRICE,EXPLAIN,PRODUCT_IMG,PRODUCT_CNT,RATING,INPUT_DATE,EXPLAIN_IMG1,EXPLAIN_IMG2,PRODUCT_IMG2,PRODUCT_IMG3) values (10851,'ML','헬리녹스 택티컬 필드 커버 덕카모 오렌지 ',1000,900,null,'헬리녹스 택티컬 필드 커버 덕카모 오렌지 1.jpg',null,null,to_date('24/05/31','RR/MM/DD'),'HCC 레더 클러브 설명1.jpg','HCC 레더 클러브 설명2.jpg','헬리녹스 택티컬 필드 커버 덕카모 오렌지 2.jpg','헬리녹스 택티컬 필드 커버 덕카모 오렌지 3.jpg');
Insert into CAMPCAMP.PRODUCTS (PRODUCT_NO,CATEGORY_CODE,PRODUCT_NAME,PRICE,OFF_PRICE,EXPLAIN,PRODUCT_IMG,PRODUCT_CNT,RATING,INPUT_DATE,EXPLAIN_IMG1,EXPLAIN_IMG2,PRODUCT_IMG2,PRODUCT_IMG3) values (10017,'CHA','비치체어 블루 메쉬',99000,88000,null,'비치체어 블루 메쉬11.jpg',null,4,to_date('24/05/30','RR/MM/DD'),'선셋체어 홈  펠리컨 설명11.jpg','선셋체어 홈  펠리컨 설명21.jpg','비치체어 블루 메쉬21.jpg','비치체어 블루 메쉬31.jpg');
Insert into CAMPCAMP.PRODUCTS (PRODUCT_NO,CATEGORY_CODE,PRODUCT_NAME,PRICE,OFF_PRICE,EXPLAIN,PRODUCT_IMG,PRODUCT_CNT,RATING,INPUT_DATE,EXPLAIN_IMG1,EXPLAIN_IMG2,PRODUCT_IMG2,PRODUCT_IMG3) values (10015,'FOA','벤치원 레인보우 다나 퀼트',110000,104000,null,'벤치원  레인보우 반다나 퀼트11.jpg',null,null,to_date('24/05/30','RR/MM/DD'),'코트 설명12.jpg','코트 설명22.jpg','벤치원  레인보우 반다나 퀼트21.jpg','벤치원  레인보우 반다나 퀼트31.jpg');
Insert into CAMPCAMP.PRODUCTS (PRODUCT_NO,CATEGORY_CODE,PRODUCT_NAME,PRICE,OFF_PRICE,EXPLAIN,PRODUCT_IMG,PRODUCT_CNT,RATING,INPUT_DATE,EXPLAIN_IMG1,EXPLAIN_IMG2,PRODUCT_IMG2,PRODUCT_IMG3) values (10016,'FOA','벤치원 블랙',89000,86000,null,'벤치원  블랙11.jpg',null,null,to_date('24/05/30','RR/MM/DD'),'코트 설명13.jpg','코트 설명23.jpg','벤치원  블랙21.jpg','벤치원  블랙31.jpg');
Insert into CAMPCAMP.PRODUCTS (PRODUCT_NO,CATEGORY_CODE,PRODUCT_NAME,PRICE,OFF_PRICE,EXPLAIN,PRODUCT_IMG,PRODUCT_CNT,RATING,INPUT_DATE,EXPLAIN_IMG1,EXPLAIN_IMG2,PRODUCT_IMG2,PRODUCT_IMG3) values (10024,'CH3','체어투 홈 블랙',74000,70000,null,'체어투 홈  블랙11.jpg',null,null,to_date('24/05/31','RR/MM/DD'),'그라운드 체어 설명14.jpg','그라운드 체어 설명24.jpg','체어투 홈  블랙21.jpg','체어투 홈  블랙31.jpg');
Insert into CAMPCAMP.PRODUCTS (PRODUCT_NO,CATEGORY_CODE,PRODUCT_NAME,PRICE,OFF_PRICE,EXPLAIN,PRODUCT_IMG,PRODUCT_CNT,RATING,INPUT_DATE,EXPLAIN_IMG1,EXPLAIN_IMG2,PRODUCT_IMG2,PRODUCT_IMG3) values (10852,'ML','헬리녹스 테이블 브릿지',1000,900,null,'헬리녹스 테이블 브릿지1.jpg',null,null,to_date('24/05/31','RR/MM/DD'),'HCC 레더 클러브 설명1.jpg','HCC 레더 클러브 설명2.jpg','헬리녹스 테이블 브릿지2.jpg','헬리녹스 테이블 브릿지3.jpg');
Insert into CAMPCAMP.PRODUCTS (PRODUCT_NO,CATEGORY_CODE,PRODUCT_NAME,PRICE,OFF_PRICE,EXPLAIN,PRODUCT_IMG,PRODUCT_CNT,RATING,INPUT_DATE,EXPLAIN_IMG1,EXPLAIN_IMG2,PRODUCT_IMG2,PRODUCT_IMG3) values (10853,'ML','헬리녹스 테이블원  코요테탄',1000,900,null,'헬리녹스 테이블원  코요테탄1.jpg',null,null,to_date('24/05/31','RR/MM/DD'),'HCC 레더 클러브 설명1.jpg','HCC 레더 클러브 설명2.jpg','헬리녹스 테이블원  코요테탄2.jpg','헬리녹스 테이블원  코요테탄3.jpg');
Insert into CAMPCAMP.PRODUCTS (PRODUCT_NO,CATEGORY_CODE,PRODUCT_NAME,PRICE,OFF_PRICE,EXPLAIN,PRODUCT_IMG,PRODUCT_CNT,RATING,INPUT_DATE,EXPLAIN_IMG1,EXPLAIN_IMG2,PRODUCT_IMG2,PRODUCT_IMG3) values (10854,'ML','헬리녹스 테이블원 하드탑  블루 반다나 퀼트',1000,900,null,'헬리녹스 테이블원 하드탑  블루 반다나 퀼트1.jpg',null,null,to_date('24/05/31','RR/MM/DD'),'HCC 레더 클러브 설명1.jpg','HCC 레더 클러브 설명2.jpg','헬리녹스 테이블원 하드탑  블루 반다나 퀼트2.jpg','헬리녹스 테이블원 하드탑  블루 반다나 퀼트3.jpg');
Insert into CAMPCAMP.PRODUCTS (PRODUCT_NO,CATEGORY_CODE,PRODUCT_NAME,PRICE,OFF_PRICE,EXPLAIN,PRODUCT_IMG,PRODUCT_CNT,RATING,INPUT_DATE,EXPLAIN_IMG1,EXPLAIN_IMG2,PRODUCT_IMG2,PRODUCT_IMG3) values (10855,'ML','헬리녹스 테이블윈 스토리지 포켓',1000,900,null,'헬리녹스 테이블윈 스토리지 포켓1.jpg',null,4,to_date('24/05/31','RR/MM/DD'),'HCC 레더 클러브 설명1.jpg','HCC 레더 클러브 설명2.jpg','헬리녹스 테이블윈 스토리지 포켓2.jpg','헬리녹스 테이블윈 스토리지 포켓3.jpg');
Insert into CAMPCAMP.PRODUCTS (PRODUCT_NO,CATEGORY_CODE,PRODUCT_NAME,PRICE,OFF_PRICE,EXPLAIN,PRODUCT_IMG,PRODUCT_CNT,RATING,INPUT_DATE,EXPLAIN_IMG1,EXPLAIN_IMG2,PRODUCT_IMG2,PRODUCT_IMG3) values (10856,'ML','헬리녹스 텍티컬 실리콘 패치 ',1000,900,null,'헬리녹스 텍티컬 실리콘 패치 1.jpg',null,1,to_date('24/05/31','RR/MM/DD'),'HCC 레더 클러브 설명1.jpg','HCC 레더 클러브 설명2.jpg','헬리녹스 텍티컬 실리콘 패치 2.jpg','헬리녹스 텍티컬 실리콘 패치 3.jpg');
Insert into CAMPCAMP.PRODUCTS (PRODUCT_NO,CATEGORY_CODE,PRODUCT_NAME,PRICE,OFF_PRICE,EXPLAIN,PRODUCT_IMG,PRODUCT_CNT,RATING,INPUT_DATE,EXPLAIN_IMG1,EXPLAIN_IMG2,PRODUCT_IMG2,PRODUCT_IMG3) values (10857,'ML','헬리녹스 토스티 선센 비치체어 ',1000,900,null,'헬리녹스 토스티 선센 비치체어 1.jpg',null,2,to_date('24/05/31','RR/MM/DD'),'HCC 레더 클러브 설명1.jpg','HCC 레더 클러브 설명2.jpg','헬리녹스 토스티 선센 비치체어 2.jpg','헬리녹스 토스티 선센 비치체어 3.jpg');
Insert into CAMPCAMP.PRODUCTS (PRODUCT_NO,CATEGORY_CODE,PRODUCT_NAME,PRICE,OFF_PRICE,EXPLAIN,PRODUCT_IMG,PRODUCT_CNT,RATING,INPUT_DATE,EXPLAIN_IMG1,EXPLAIN_IMG2,PRODUCT_IMG2,PRODUCT_IMG3) values (10858,'ML','헬리녹스 트레킹폴 케이스 라지',1000,900,null,'헬리녹스 트레킹폴 케이스 라지1.jpg',null,null,to_date('24/05/31','RR/MM/DD'),'HCC 레더 클러브 설명1.jpg','HCC 레더 클러브 설명2.jpg','헬리녹스 트레킹폴 케이스 라지2.jpg','헬리녹스 트레킹폴 케이스 라지3.jpg');
Insert into CAMPCAMP.PRODUCTS (PRODUCT_NO,CATEGORY_CODE,PRODUCT_NAME,PRICE,OFF_PRICE,EXPLAIN,PRODUCT_IMG,PRODUCT_CNT,RATING,INPUT_DATE,EXPLAIN_IMG1,EXPLAIN_IMG2,PRODUCT_IMG2,PRODUCT_IMG3) values (10859,'ML','헬리녹스 트레킹폴 케이스 미디움 ',1000,900,null,'헬리녹스 트레킹폴 케이스 미디움 1.jpg',null,null,to_date('24/05/31','RR/MM/DD'),'HCC 레더 클러브 설명1.jpg','HCC 레더 클러브 설명2.jpg','헬리녹스 트레킹폴 케이스 미디움 2.jpg','헬리녹스 트레킹폴 케이스 미디움 3.jpg');
Insert into CAMPCAMP.PRODUCTS (PRODUCT_NO,CATEGORY_CODE,PRODUCT_NAME,PRICE,OFF_PRICE,EXPLAIN,PRODUCT_IMG,PRODUCT_CNT,RATING,INPUT_DATE,EXPLAIN_IMG1,EXPLAIN_IMG2,PRODUCT_IMG2,PRODUCT_IMG3) values (10860,'ML','헬리녹스 퍼스널 쉐이드  블랙',1000,900,null,'헬리녹스 퍼스널 쉐이드  블랙1.jpg',null,null,to_date('24/05/31','RR/MM/DD'),'HCC 레더 클러브 설명1.jpg','HCC 레더 클러브 설명2.jpg','헬리녹스 퍼스널 쉐이드  블랙2.jpg','헬리녹스 퍼스널 쉐이드  블랙3.jpg');
Insert into CAMPCAMP.PRODUCTS (PRODUCT_NO,CATEGORY_CODE,PRODUCT_NAME,PRICE,OFF_PRICE,EXPLAIN,PRODUCT_IMG,PRODUCT_CNT,RATING,INPUT_DATE,EXPLAIN_IMG1,EXPLAIN_IMG2,PRODUCT_IMG2,PRODUCT_IMG3) values (10861,'ML','헬리녹스 퍼스널 쉐이드  스칼렛아이언 블록',1000,900,null,'헬리녹스 퍼스널 쉐이드  스칼렛아이언 블록1.jpg',null,null,to_date('24/05/31','RR/MM/DD'),'HCC 레더 클러브 설명1.jpg','HCC 레더 클러브 설명2.jpg','헬리녹스 퍼스널 쉐이드  스칼렛아이언 블록2.jpg','헬리녹스 퍼스널 쉐이드  스칼렛아이언 블록3.jpg');
Insert into CAMPCAMP.PRODUCTS (PRODUCT_NO,CATEGORY_CODE,PRODUCT_NAME,PRICE,OFF_PRICE,EXPLAIN,PRODUCT_IMG,PRODUCT_CNT,RATING,INPUT_DATE,EXPLAIN_IMG1,EXPLAIN_IMG2,PRODUCT_IMG2,PRODUCT_IMG3) values (10862,'ML','헬리녹스 페디드 이너 케이스',1000,900,null,'헬리녹스 페디드 이너 케이스1.jpg',null,null,to_date('24/05/31','RR/MM/DD'),'HCC 레더 클러브 설명1.jpg','HCC 레더 클러브 설명2.jpg','헬리녹스 페디드 이너 케이스2.jpg','헬리녹스 페디드 이너 케이스3.jpg');
Insert into CAMPCAMP.PRODUCTS (PRODUCT_NO,CATEGORY_CODE,PRODUCT_NAME,PRICE,OFF_PRICE,EXPLAIN,PRODUCT_IMG,PRODUCT_CNT,RATING,INPUT_DATE,EXPLAIN_IMG1,EXPLAIN_IMG2,PRODUCT_IMG2,PRODUCT_IMG3) values (10863,'ML','헬리녹스 프레임 세트',1000,900,null,'헬리녹스 프레임 세트1.jpg',null,null,to_date('24/05/31','RR/MM/DD'),'HCC 레더 클러브 설명1.jpg','HCC 레더 클러브 설명2.jpg','헬리녹스 프레임 세트2.png','헬리녹스 프레임 세트3.jpg');
Insert into CAMPCAMP.PRODUCTS (PRODUCT_NO,CATEGORY_CODE,PRODUCT_NAME,PRICE,OFF_PRICE,EXPLAIN,PRODUCT_IMG,PRODUCT_CNT,RATING,INPUT_DATE,EXPLAIN_IMG1,EXPLAIN_IMG2,PRODUCT_IMG2,PRODUCT_IMG3) values (10864,'ML','헬리녹스 플리스 시트 워머 ',1000,900,null,'헬리녹스 플리스 시트 워머 1.jpg',null,null,to_date('24/05/31','RR/MM/DD'),'HCC 레더 클러브 설명1.jpg','HCC 레더 클러브 설명2.jpg','헬리녹스 플리스 시트 워머 2.jpg','헬리녹스 플리스 시트 워머 3.jpg');
Insert into CAMPCAMP.PRODUCTS (PRODUCT_NO,CATEGORY_CODE,PRODUCT_NAME,PRICE,OFF_PRICE,EXPLAIN,PRODUCT_IMG,PRODUCT_CNT,RATING,INPUT_DATE,EXPLAIN_IMG1,EXPLAIN_IMG2,PRODUCT_IMG2,PRODUCT_IMG3) values (10865,'UL','헬리녹스 피벗쉐이드  라이트 블루',1000,900,null,'헬리녹스 피벗쉐이드  라이트 블루1.jpg',null,5,to_date('24/05/31','RR/MM/DD'),'HCC 레더 클러브 설명1.jpg','HCC 레더 클러브 설명2.jpg','헬리녹스 피벗쉐이드  라이트 블루2.jpg','헬리녹스 피벗쉐이드  라이트 블루3.jpg');
Insert into CAMPCAMP.PRODUCTS (PRODUCT_NO,CATEGORY_CODE,PRODUCT_NAME,PRICE,OFF_PRICE,EXPLAIN,PRODUCT_IMG,PRODUCT_CNT,RATING,INPUT_DATE,EXPLAIN_IMG1,EXPLAIN_IMG2,PRODUCT_IMG2,PRODUCT_IMG3) values (10866,'ML','헬리녹스 핫팩',1000,900,null,'헬리녹스 핫팩1.jpg',null,null,to_date('24/05/31','RR/MM/DD'),'HCC 레더 클러브 설명1.jpg','HCC 레더 클러브 설명2.jpg','헬리녹스 핫팩2.jpg','헬리녹스 핫팩3.jpg');
Insert into CAMPCAMP.PRODUCTS (PRODUCT_NO,CATEGORY_CODE,PRODUCT_NAME,PRICE,OFF_PRICE,EXPLAIN,PRODUCT_IMG,PRODUCT_CNT,RATING,INPUT_DATE,EXPLAIN_IMG1,EXPLAIN_IMG2,PRODUCT_IMG2,PRODUCT_IMG3) values (10867,'ML','홈 풋 ',1000,900,null,'홈 풋 1.jpg',null,5,to_date('24/05/31','RR/MM/DD'),'HCC 레더 클러브 설명1.jpg','HCC 레더 클러브 설명2.jpg','홈 풋 2.jpg','홈 풋 3.jpg');
Insert into CAMPCAMP.PRODUCTS (PRODUCT_NO,CATEGORY_CODE,PRODUCT_NAME,PRICE,OFF_PRICE,EXPLAIN,PRODUCT_IMG,PRODUCT_CNT,RATING,INPUT_DATE,EXPLAIN_IMG1,EXPLAIN_IMG2,PRODUCT_IMG2,PRODUCT_IMG3) values (10728,'ML','선셋체어 홈  그래블',1000,900,null,'선셋체어 홈  그래블1.jpg',null,null,to_date('24/05/31','RR/MM/DD'),'HCC 레더 클러브 설명1.jpg','HCC 레더 클러브 설명2.jpg','선셋체어 홈  그래블2.jpg','선셋체어 홈  그래블3.jpg');
Insert into CAMPCAMP.PRODUCTS (PRODUCT_NO,CATEGORY_CODE,PRODUCT_NAME,PRICE,OFF_PRICE,EXPLAIN,PRODUCT_IMG,PRODUCT_CNT,RATING,INPUT_DATE,EXPLAIN_IMG1,EXPLAIN_IMG2,PRODUCT_IMG2,PRODUCT_IMG3) values (10734,'ML','알파인돔 2P  블랙',1000,900,null,'알파인돔 2P  블랙1.jpg',null,null,to_date('24/05/31','RR/MM/DD'),'HCC 레더 클러브 설명1.jpg','HCC 레더 클러브 설명2.jpg','알파인돔 2P  블랙2.jpg','알파인돔 2P  블랙3.jpg');
Insert into CAMPCAMP.PRODUCTS (PRODUCT_NO,CATEGORY_CODE,PRODUCT_NAME,PRICE,OFF_PRICE,EXPLAIN,PRODUCT_IMG,PRODUCT_CNT,RATING,INPUT_DATE,EXPLAIN_IMG1,EXPLAIN_IMG2,PRODUCT_IMG2,PRODUCT_IMG3) values (10739,'ML','체어원 블랙아웃 에디션',1000,900,null,'체어원 블랙아웃 에디션1.jpg',null,null,to_date('24/05/31','RR/MM/DD'),'HCC 레더 클러브 설명1.jpg','HCC 레더 클러브 설명2.jpg','체어원 블랙아웃 에디션2.jpg','체어원 블랙아웃 에디션3.jpg');
Insert into CAMPCAMP.PRODUCTS (PRODUCT_NO,CATEGORY_CODE,PRODUCT_NAME,PRICE,OFF_PRICE,EXPLAIN,PRODUCT_IMG,PRODUCT_CNT,RATING,INPUT_DATE,EXPLAIN_IMG1,EXPLAIN_IMG2,PRODUCT_IMG2,PRODUCT_IMG3) values (10770,'ML','터그 런드리백 ',1000,900,null,'터그 런드리백 1.jpg',null,null,to_date('24/05/31','RR/MM/DD'),'HCC 레더 클러브 설명1.jpg','HCC 레더 클러브 설명2.jpg','터그 런드리백 2.jpg','터그 런드리백 3.jpg');
Insert into CAMPCAMP.PRODUCTS (PRODUCT_NO,CATEGORY_CODE,PRODUCT_NAME,PRICE,OFF_PRICE,EXPLAIN,PRODUCT_IMG,PRODUCT_CNT,RATING,INPUT_DATE,EXPLAIN_IMG1,EXPLAIN_IMG2,PRODUCT_IMG2,PRODUCT_IMG3) values (10774,'UL','터그 샤코슈 라이트',1000,900,null,'터그 샤코슈 라이트1.jpg',null,null,to_date('24/05/31','RR/MM/DD'),'HCC 레더 클러브 설명1.jpg','HCC 레더 클러브 설명2.jpg','터그 샤코슈 라이트2.jpg','터그 샤코슈 라이트3.jpg');
Insert into CAMPCAMP.PRODUCTS (PRODUCT_NO,CATEGORY_CODE,PRODUCT_NAME,PRICE,OFF_PRICE,EXPLAIN,PRODUCT_IMG,PRODUCT_CNT,RATING,INPUT_DATE,EXPLAIN_IMG1,EXPLAIN_IMG2,PRODUCT_IMG2,PRODUCT_IMG3) values (10780,'PA','터그L 파우치 S',1000,900,null,'터그L 파우치 S1.jpg',null,null,to_date('24/05/31','RR/MM/DD'),'HCC 레더 클러브 설명1.jpg','HCC 레더 클러브 설명2.jpg','터그L 파우치 S2.jpg','터그L 파우치 S3.jpg');
Insert into CAMPCAMP.PRODUCTS (PRODUCT_NO,CATEGORY_CODE,PRODUCT_NAME,PRICE,OFF_PRICE,EXPLAIN,PRODUCT_IMG,PRODUCT_CNT,RATING,INPUT_DATE,EXPLAIN_IMG1,EXPLAIN_IMG2,PRODUCT_IMG2,PRODUCT_IMG3) values (10785,'ML','테이블오 홈 미디움  월넛',1000,900,null,'테이블오 홈 미디움  월넛1.jpg',null,null,to_date('24/05/31','RR/MM/DD'),'HCC 레더 클러브 설명1.jpg','HCC 레더 클러브 설명2.jpg','테이블오 홈 미디움  월넛2.jpg','테이블오 홈 미디움  월넛3.jpg');
Insert into CAMPCAMP.PRODUCTS (PRODUCT_NO,CATEGORY_CODE,PRODUCT_NAME,PRICE,OFF_PRICE,EXPLAIN,PRODUCT_IMG,PRODUCT_CNT,RATING,INPUT_DATE,EXPLAIN_IMG1,EXPLAIN_IMG2,PRODUCT_IMG2,PRODUCT_IMG3) values (10814,'ML','헬리녹스 사이드 테이블 스몰 블랙',1000,900,null,'헬리녹스 사이드 테이블 스몰 블랙1.jpg',null,null,to_date('24/05/31','RR/MM/DD'),'HCC 레더 클러브 설명1.jpg','HCC 레더 클러브 설명2.jpg','헬리녹스 사이드 테이블 스몰 블랙2.jpg','헬리녹스 사이드 테이블 스몰 블랙3.jpg');
Insert into CAMPCAMP.PRODUCTS (PRODUCT_NO,CATEGORY_CODE,PRODUCT_NAME,PRICE,OFF_PRICE,EXPLAIN,PRODUCT_IMG,PRODUCT_CNT,RATING,INPUT_DATE,EXPLAIN_IMG1,EXPLAIN_IMG2,PRODUCT_IMG2,PRODUCT_IMG3) values (10847,'ML','헬리녹스 택티컬 코트 컨버터블  덕카모',1000,900,null,'헬리녹스 택티컬 코트 컨버터블  덕카모1.jpg',null,null,to_date('24/05/31','RR/MM/DD'),'HCC 레더 클러브 설명1.jpg','HCC 레더 클러브 설명2.jpg','헬리녹스 택티컬 코트 컨버터블  덕카모2.jpg','헬리녹스 택티컬 코트 컨버터블  덕카모3.jpg');
Insert into CAMPCAMP.PRODUCTS (PRODUCT_NO,CATEGORY_CODE,PRODUCT_NAME,PRICE,OFF_PRICE,EXPLAIN,PRODUCT_IMG,PRODUCT_CNT,RATING,INPUT_DATE,EXPLAIN_IMG1,EXPLAIN_IMG2,PRODUCT_IMG2,PRODUCT_IMG3) values (10704,'ML','HCC 시에라컵 설명',1000,900,null,'HCC 시에라컵 설명1.jpg',null,null,to_date('24/05/31','RR/MM/DD'),'HCC 레더 클러브 설명1.jpg','HCC 레더 클러브 설명2.jpg','HCC 시에라컵 설명2.jpg','HCC 시에라컵 설명3.jpg');
Insert into CAMPCAMP.PRODUCTS (PRODUCT_NO,CATEGORY_CODE,PRODUCT_NAME,PRICE,OFF_PRICE,EXPLAIN,PRODUCT_IMG,PRODUCT_CNT,RATING,INPUT_DATE,EXPLAIN_IMG1,EXPLAIN_IMG2,PRODUCT_IMG2,PRODUCT_IMG3) values (10710,'UL','라이트 코트  화이트',1000,900,null,'라이트 코트  화이트1.jpg',null,null,to_date('24/05/31','RR/MM/DD'),'HCC 레더 클러브 설명1.jpg','HCC 레더 클러브 설명2.jpg','라이트 코트  화이트2.jpg','라이트 코트  화이트3.jpg');
Insert into CAMPCAMP.PRODUCTS (PRODUCT_NO,CATEGORY_CODE,PRODUCT_NAME,PRICE,OFF_PRICE,EXPLAIN,PRODUCT_IMG,PRODUCT_CNT,RATING,INPUT_DATE,EXPLAIN_IMG1,EXPLAIN_IMG2,PRODUCT_IMG2,PRODUCT_IMG3) values (10716,'ML','멀티링크시스템노트북',1000,900,null,'멀티링크시스템노트북1.jpg',null,null,to_date('24/05/31','RR/MM/DD'),'HCC 레더 클러브 설명1.jpg','HCC 레더 클러브 설명2.jpg','멀티링크시스템노트북2.jpg','멀티링크시스템노트북3.jpg');
Insert into CAMPCAMP.PRODUCTS (PRODUCT_NO,CATEGORY_CODE,PRODUCT_NAME,PRICE,OFF_PRICE,EXPLAIN,PRODUCT_IMG,PRODUCT_CNT,RATING,INPUT_DATE,EXPLAIN_IMG1,EXPLAIN_IMG2,PRODUCT_IMG2,PRODUCT_IMG3) values (10723,'ML','벨크로 타이 ',1000,900,null,'벨크로 타이 1.jpg',null,null,to_date('24/05/31','RR/MM/DD'),'HCC 레더 클러브 설명1.jpg','HCC 레더 클러브 설명2.jpg','벨크로 타이 2.jpg','벨크로 타이 3.jpg');
Insert into CAMPCAMP.PRODUCTS (PRODUCT_NO,CATEGORY_CODE,PRODUCT_NAME,PRICE,OFF_PRICE,EXPLAIN,PRODUCT_IMG,PRODUCT_CNT,RATING,INPUT_DATE,EXPLAIN_IMG1,EXPLAIN_IMG2,PRODUCT_IMG2,PRODUCT_IMG3) values (10730,'ML','선셋체어 홈  펠리컨 설명',1000,900,null,'선셋체어 홈  펠리컨 설명1.jpg',null,null,to_date('24/05/31','RR/MM/DD'),'HCC 레더 클러브 설명1.jpg','HCC 레더 클러브 설명2.jpg','선셋체어 홈  펠리컨 설명2.jpg','선셋체어 홈  펠리컨 설명3.jpg');
Insert into CAMPCAMP.PRODUCTS (PRODUCT_NO,CATEGORY_CODE,PRODUCT_NAME,PRICE,OFF_PRICE,EXPLAIN,PRODUCT_IMG,PRODUCT_CNT,RATING,INPUT_DATE,EXPLAIN_IMG1,EXPLAIN_IMG2,PRODUCT_IMG2,PRODUCT_IMG3) values (10738,'ML','체어원 라지 코요테탄',1000,900,null,'체어원 라지 코요테탄1.jpg',null,null,to_date('24/05/31','RR/MM/DD'),'HCC 레더 클러브 설명1.jpg','HCC 레더 클러브 설명2.jpg','체어원 라지 코요테탄2.jpg','체어원 라지 코요테탄3.jpg');
Insert into CAMPCAMP.PRODUCTS (PRODUCT_NO,CATEGORY_CODE,PRODUCT_NAME,PRICE,OFF_PRICE,EXPLAIN,PRODUCT_IMG,PRODUCT_CNT,RATING,INPUT_DATE,EXPLAIN_IMG1,EXPLAIN_IMG2,PRODUCT_IMG2,PRODUCT_IMG3) values (10747,'ML','체어투 코요테탄',1000,900,null,'체어투 코요테탄1.jpg',null,null,to_date('24/05/31','RR/MM/DD'),'HCC 레더 클러브 설명1.jpg','HCC 레더 클러브 설명2.jpg','체어투 코요테탄2.jpg','체어투 코요테탄3.jpg');
Insert into CAMPCAMP.PRODUCTS (PRODUCT_NO,CATEGORY_CODE,PRODUCT_NAME,PRICE,OFF_PRICE,EXPLAIN,PRODUCT_IMG,PRODUCT_CNT,RATING,INPUT_DATE,EXPLAIN_IMG1,EXPLAIN_IMG2,PRODUCT_IMG2,PRODUCT_IMG3) values (10753,'ML','코트원 컨버터블  블랙 타이다이',1000,900,null,'코트원 컨버터블  블랙 타이다이1.jpg',null,null,to_date('24/05/31','RR/MM/DD'),'HCC 레더 클러브 설명1.jpg','HCC 레더 클러브 설명2.jpg','코트원 컨버터블  블랙 타이다이2.jpg','코트원 컨버터블  블랙 타이다이3.jpg');
Insert into CAMPCAMP.PRODUCTS (PRODUCT_NO,CATEGORY_CODE,PRODUCT_NAME,PRICE,OFF_PRICE,EXPLAIN,PRODUCT_IMG,PRODUCT_CNT,RATING,INPUT_DATE,EXPLAIN_IMG1,EXPLAIN_IMG2,PRODUCT_IMG2,PRODUCT_IMG3) values (10762,'ML','택티컬 테이블 라지  블랙',1000,900,null,'택티컬 테이블 라지  블랙1.jpg',null,null,to_date('24/05/31','RR/MM/DD'),'HCC 레더 클러브 설명1.jpg','HCC 레더 클러브 설명2.jpg','택티컬 테이블 라지  블랙2.jpg','택티컬 테이블 라지  블랙3.jpg');
Insert into CAMPCAMP.PRODUCTS (PRODUCT_NO,CATEGORY_CODE,PRODUCT_NAME,PRICE,OFF_PRICE,EXPLAIN,PRODUCT_IMG,PRODUCT_CNT,RATING,INPUT_DATE,EXPLAIN_IMG1,EXPLAIN_IMG2,PRODUCT_IMG2,PRODUCT_IMG3) values (10769,'ML','터그 랩팁 크로스',1000,900,null,'터그 랩팁 크로스1.jpg',null,null,to_date('24/05/31','RR/MM/DD'),'HCC 레더 클러브 설명1.jpg','HCC 레더 클러브 설명2.jpg','터그 랩팁 크로스2.jpg','터그 랩팁 크로스3.jpg');
Insert into CAMPCAMP.PRODUCTS (PRODUCT_NO,CATEGORY_CODE,PRODUCT_NAME,PRICE,OFF_PRICE,EXPLAIN,PRODUCT_IMG,PRODUCT_CNT,RATING,INPUT_DATE,EXPLAIN_IMG1,EXPLAIN_IMG2,PRODUCT_IMG2,PRODUCT_IMG3) values (10777,'ML','터그 타이니 웨이스트',1000,900,null,'터그 타이니 웨이스트1.jpg',null,null,to_date('24/05/31','RR/MM/DD'),'HCC 레더 클러브 설명1.jpg','HCC 레더 클러브 설명2.jpg','터그 타이니 웨이스트2.jpg','터그 타이니 웨이스트3.jpg');
Insert into CAMPCAMP.PRODUCTS (PRODUCT_NO,CATEGORY_CODE,PRODUCT_NAME,PRICE,OFF_PRICE,EXPLAIN,PRODUCT_IMG,PRODUCT_CNT,RATING,INPUT_DATE,EXPLAIN_IMG1,EXPLAIN_IMG2,PRODUCT_IMG2,PRODUCT_IMG3) values (10786,'ML','테이블원 솔리드 탑 클래식 월넛 ',1000,900,null,'테이블원 솔리드 탑 클래식 월넛 1.jpg',null,null,to_date('24/05/31','RR/MM/DD'),'HCC 레더 클러브 설명1.jpg','HCC 레더 클러브 설명2.jpg','테이블원 솔리드 탑 클래식 월넛 2.jpg','테이블원 솔리드 탑 클래식 월넛 3.jpg');
Insert into CAMPCAMP.PRODUCTS (PRODUCT_NO,CATEGORY_CODE,PRODUCT_NAME,PRICE,OFF_PRICE,EXPLAIN,PRODUCT_IMG,PRODUCT_CNT,RATING,INPUT_DATE,EXPLAIN_IMG1,EXPLAIN_IMG2,PRODUCT_IMG2,PRODUCT_IMG3) values (10791,'ML','트레킹 폴  Passport  FL120 (1pair)  Melon',1000,900,null,'트레킹 폴  Passport  FL120 (1pair)  Melon1.jpg',null,null,to_date('24/05/31','RR/MM/DD'),'HCC 레더 클러브 설명1.jpg','HCC 레더 클러브 설명2.jpg','트레킹 폴  Passport  FL120 (1pair)  Melon2.jpg','트레킹 폴  Passport  FL120 (1pair)  Melon3.jpg');
Insert into CAMPCAMP.PRODUCTS (PRODUCT_NO,CATEGORY_CODE,PRODUCT_NAME,PRICE,OFF_PRICE,EXPLAIN,PRODUCT_IMG,PRODUCT_CNT,RATING,INPUT_DATE,EXPLAIN_IMG1,EXPLAIN_IMG2,PRODUCT_IMG2,PRODUCT_IMG3) values (10800,'UL','헬리녹스 라이트 백  블랙',1000,900,null,'헬리녹스 라이트 백  블랙1.jpg',null,null,to_date('24/05/31','RR/MM/DD'),'HCC 레더 클러브 설명1.jpg','HCC 레더 클러브 설명2.jpg','헬리녹스 라이트 백  블랙2.jpg','헬리녹스 라이트 백  블랙3.jpg');
Insert into CAMPCAMP.PRODUCTS (PRODUCT_NO,CATEGORY_CODE,PRODUCT_NAME,PRICE,OFF_PRICE,EXPLAIN,PRODUCT_IMG,PRODUCT_CNT,RATING,INPUT_DATE,EXPLAIN_IMG1,EXPLAIN_IMG2,PRODUCT_IMG2,PRODUCT_IMG3) values (10808,'ML','헬리녹스 버튼 섹션 세트 필드 오피스 M  블랙 ',1000,900,null,'헬리녹스 버튼 섹션 세트 필드 오피스 M  블랙 1.jpg',null,null,to_date('24/05/31','RR/MM/DD'),'HCC 레더 클러브 설명1.jpg','HCC 레더 클러브 설명2.jpg','헬리녹스 버튼 섹션 세트 필드 오피스 M  블랙 2.jpg','헬리녹스 버튼 섹션 세트 필드 오피스 M  블랙 3.jpg');
Insert into CAMPCAMP.PRODUCTS (PRODUCT_NO,CATEGORY_CODE,PRODUCT_NAME,PRICE,OFF_PRICE,EXPLAIN,PRODUCT_IMG,PRODUCT_CNT,RATING,INPUT_DATE,EXPLAIN_IMG1,EXPLAIN_IMG2,PRODUCT_IMG2,PRODUCT_IMG3) values (10822,'ML','헬리녹스 시트워머 사바나 플라야 ',1000,900,null,'헬리녹스 시트워머 사바나 플라야 1.jpg',null,null,to_date('24/05/31','RR/MM/DD'),'HCC 레더 클러브 설명1.jpg','HCC 레더 클러브 설명2.jpg','헬리녹스 시트워머 사바나 플라야 2.jpg','헬리녹스 시트워머 사바나 플라야 3.jpg');
Insert into CAMPCAMP.PRODUCTS (PRODUCT_NO,CATEGORY_CODE,PRODUCT_NAME,PRICE,OFF_PRICE,EXPLAIN,PRODUCT_IMG,PRODUCT_CNT,RATING,INPUT_DATE,EXPLAIN_IMG1,EXPLAIN_IMG2,PRODUCT_IMG2,PRODUCT_IMG3) values (10831,'ML','헬리녹스 인슐레이티드 코트원 패트',1000,900,null,'헬리녹스 인슐레이티드 코트원 패트1.jpg',null,null,to_date('24/05/31','RR/MM/DD'),'HCC 레더 클러브 설명1.jpg','HCC 레더 클러브 설명2.jpg','헬리녹스 인슐레이티드 코트원 패트2.jpg','헬리녹스 인슐레이티드 코트원 패트3.jpg');
Insert into CAMPCAMP.PRODUCTS (PRODUCT_NO,CATEGORY_CODE,PRODUCT_NAME,PRICE,OFF_PRICE,EXPLAIN,PRODUCT_IMG,PRODUCT_CNT,RATING,INPUT_DATE,EXPLAIN_IMG1,EXPLAIN_IMG2,PRODUCT_IMG2,PRODUCT_IMG3) values (10840,'ML','헬리녹스 코트 레그 2종 ',1000,900,null,'헬리녹스 코트 레그 2종 1.jpg',null,null,to_date('24/05/31','RR/MM/DD'),'HCC 레더 클러브 설명1.jpg','HCC 레더 클러브 설명2.jpg','헬리녹스 코트 레그 2종 2.jpg','헬리녹스 코트 레그 2종 3.jpg');
Insert into CAMPCAMP.PRODUCTS (PRODUCT_NO,CATEGORY_CODE,PRODUCT_NAME,PRICE,OFF_PRICE,EXPLAIN,PRODUCT_IMG,PRODUCT_CNT,RATING,INPUT_DATE,EXPLAIN_IMG1,EXPLAIN_IMG2,PRODUCT_IMG2,PRODUCT_IMG3) values (10849,'ML','헬리녹스 택티컬 필드 오피스 큐브  블랙',1000,900,null,'헬리녹스 택티컬 필드 오피스 큐브  블랙1.jpg',null,null,to_date('24/05/31','RR/MM/DD'),'HCC 레더 클러브 설명1.jpg','HCC 레더 클러브 설명2.jpg','헬리녹스 택티컬 필드 오피스 큐브  블랙2.jpg','헬리녹스 택티컬 필드 오피스 큐브  블랙3.jpg');
Insert into CAMPCAMP.PRODUCTS (PRODUCT_NO,CATEGORY_CODE,PRODUCT_NAME,PRICE,OFF_PRICE,EXPLAIN,PRODUCT_IMG,PRODUCT_CNT,RATING,INPUT_DATE,EXPLAIN_IMG1,EXPLAIN_IMG2,PRODUCT_IMG2,PRODUCT_IMG3) values (10036,'CO3','썸머키트 코트원',63000,61000,null,'헬리녹스 썸머키트 코트원11.jpg',null,null,to_date('24/05/31','RR/MM/DD'),'HCC 레더 클러브 설명112.jpg','HCC 레더 클러브 설명211.jpg','헬리녹스 썸머키트 코트원21.jpg','헬리녹스 썸머키트 코트원31.jpg');
Insert into CAMPCAMP.PRODUCTS (PRODUCT_NO,CATEGORY_CODE,PRODUCT_NAME,PRICE,OFF_PRICE,EXPLAIN,PRODUCT_IMG,PRODUCT_CNT,RATING,INPUT_DATE,EXPLAIN_IMG1,EXPLAIN_IMG2,PRODUCT_IMG2,PRODUCT_IMG3) values (10037,'TFO','시에라 컵',9000,8000,null,'HCC 시에라컵11.jpg',null,null,to_date('24/05/31','RR/MM/DD'),'HCC 레더 클러브 설명113.jpg','HCC 레더 클러브 설명212.jpg','HCC 시에라컵21.jpg','HCC 시에라컵31.jpg');
Insert into CAMPCAMP.PRODUCTS (PRODUCT_NO,CATEGORY_CODE,PRODUCT_NAME,PRICE,OFF_PRICE,EXPLAIN,PRODUCT_IMG,PRODUCT_CNT,RATING,INPUT_DATE,EXPLAIN_IMG1,EXPLAIN_IMG2,PRODUCT_IMG2,PRODUCT_IMG3) values (10868,'STA','테스트',100000,80000,null,'HCC 레더 클러브 11.jpg',null,5,to_date('24/05/31','RR/MM/DD'),'그라운드 체어  코요테탄12.jpg','그라운드 체어  코요테탄13.jpg','노나돔 4.0 베드룸  로 화이트22.jpg','멀티링크시스템21.jpg');
Insert into CAMPCAMP.PRODUCTS (PRODUCT_NO,CATEGORY_CODE,PRODUCT_NAME,PRICE,OFF_PRICE,EXPLAIN,PRODUCT_IMG,PRODUCT_CNT,RATING,INPUT_DATE,EXPLAIN_IMG1,EXPLAIN_IMG2,PRODUCT_IMG2,PRODUCT_IMG3) values (10039,'TFO','필드 커버 ',20000,19000,null,'헬리녹스 택티컬 필드 커버 덕카모 오렌지 31.jpg',null,null,to_date('24/05/31','RR/MM/DD'),'HCC 레더 클러브 설명115.jpg','HCC 레더 클러브 설명214.jpg','헬리녹스 택티컬 필드 커버  블랙 플리지그린 31.jpg','헬리녹스 택티컬 필드 오피스 큐브  블랙31.jpg');
Insert into CAMPCAMP.PRODUCTS (PRODUCT_NO,CATEGORY_CODE,PRODUCT_NAME,PRICE,OFF_PRICE,EXPLAIN,PRODUCT_IMG,PRODUCT_CNT,RATING,INPUT_DATE,EXPLAIN_IMG1,EXPLAIN_IMG2,PRODUCT_IMG2,PRODUCT_IMG3) values (10034,'CO3','택티컬 코트 덕카모',39000,37000,null,'헬리녹스 택티컬 코트 컨버터블  덕카모13.jpg',null,null,to_date('24/05/31','RR/MM/DD'),'HCC 레더 클러브 설명110.jpg','HCC 레더 클러브 설명29.jpg','헬리녹스 택티컬 코트 컨버터블  덕카모23.jpg','헬리녹스 택티컬 코트 컨버터블  덕카모33.jpg');
Insert into CAMPCAMP.PRODUCTS (PRODUCT_NO,CATEGORY_CODE,PRODUCT_NAME,PRICE,OFF_PRICE,EXPLAIN,PRODUCT_IMG,PRODUCT_CNT,RATING,INPUT_DATE,EXPLAIN_IMG1,EXPLAIN_IMG2,PRODUCT_IMG2,PRODUCT_IMG3) values (10035,'CO3','코트 코요테탄',28000,26000,null,'헬리녹스 택티컬 코트 컨버터블  코요테 탄15.jpg',null,null,to_date('24/05/31','RR/MM/DD'),'HCC 레더 클러브 설명111.jpg','HCC 레더 클러브 설명210.jpg','헬리녹스 택티컬 코트 컨버터블  코요테 탄21.jpg','헬리녹스 택티컬 코트 컨버터블  코요테 탄33.jpg');
Insert into CAMPCAMP.PRODUCTS (PRODUCT_NO,CATEGORY_CODE,PRODUCT_NAME,PRICE,OFF_PRICE,EXPLAIN,PRODUCT_IMG,PRODUCT_CNT,RATING,INPUT_DATE,EXPLAIN_IMG1,EXPLAIN_IMG2,PRODUCT_IMG2,PRODUCT_IMG3) values (10038,'TFO','타프 필드 스트랩',17000,16000,null,'타프 필드 스트랩11.jpg',null,null,to_date('24/05/31','RR/MM/DD'),'HCC 레더 클러브 설명114.jpg','HCC 레더 클러브 설명213.jpg','타프 필드 스트랩21.jpg','타프 필드 스트랩31.jpg');
Insert into CAMPCAMP.PRODUCTS (PRODUCT_NO,CATEGORY_CODE,PRODUCT_NAME,PRICE,OFF_PRICE,EXPLAIN,PRODUCT_IMG,PRODUCT_CNT,RATING,INPUT_DATE,EXPLAIN_IMG1,EXPLAIN_IMG2,PRODUCT_IMG2,PRODUCT_IMG3) values (10046,'ML','멀티링크 시스템',53000,51000,null,'멀티링크시스템11.jpg',null,null,to_date('24/05/31','RR/MM/DD'),'HCC 레더 클러브 설명122.jpg','HCC 레더 클러브 설명221.jpg','멀티링크시스템21.jpg','멀티링크시스템31.jpg');
Insert into CAMPCAMP.PRODUCTS (PRODUCT_NO,CATEGORY_CODE,PRODUCT_NAME,PRICE,OFF_PRICE,EXPLAIN,PRODUCT_IMG,PRODUCT_CNT,RATING,INPUT_DATE,EXPLAIN_IMG1,EXPLAIN_IMG2,PRODUCT_IMG2,PRODUCT_IMG3) values (10872,'CW','랩팁 크로스',5800,5000,null,'터그 랩팁 크로스11.jpg',null,null,to_date('24/06/03','RR/MM/DD'),'HCC 레더 클러브 설명12.jpg','HCC 레더 클러브 설명21.jpg','터그 랩팁 크로스21.jpg','터그 랩팁 크로스31.jpg');
Insert into CAMPCAMP.PRODUCTS (PRODUCT_NO,CATEGORY_CODE,PRODUCT_NAME,PRICE,OFF_PRICE,EXPLAIN,PRODUCT_IMG,PRODUCT_CNT,RATING,INPUT_DATE,EXPLAIN_IMG1,EXPLAIN_IMG2,PRODUCT_IMG2,PRODUCT_IMG3) values (10021,'CHA','23131',111,111,null,'HCC 레더 클러브 11.jpg',null,null,to_date('24/05/31','RR/MM/DD'),'HCC 레더 클러브 설명1.jpg','HCC 레더 클러브 설명2.jpg',null,null);
Insert into CAMPCAMP.PRODUCTS (PRODUCT_NO,CATEGORY_CODE,PRODUCT_NAME,PRICE,OFF_PRICE,EXPLAIN,PRODUCT_IMG,PRODUCT_CNT,RATING,INPUT_DATE,EXPLAIN_IMG1,EXPLAIN_IMG2,PRODUCT_IMG2,PRODUCT_IMG3) values (10025,'TE3','택티컬 노나돔 코요테탄',144000,132000,null,'택티컬 노나돔 4.0  코요테탄11.jpg',null,null,to_date('24/05/31','RR/MM/DD'),'노나돔 설명12.jpg','노나돔 설명22.jpg','택티컬 노나돔 4.0  코요테탄21.jpg','택티컬 노나돔 4.0  코요테탄31.jpg');
Insert into CAMPCAMP.PRODUCTS (PRODUCT_NO,CATEGORY_CODE,PRODUCT_NAME,PRICE,OFF_PRICE,EXPLAIN,PRODUCT_IMG,PRODUCT_CNT,RATING,INPUT_DATE,EXPLAIN_IMG1,EXPLAIN_IMG2,PRODUCT_IMG2,PRODUCT_IMG3) values (10873,'BP','롤 탑 백팩',8000,6800,null,'터그 라이트 롤 탑 백팩11.jpg',null,null,to_date('24/06/03','RR/MM/DD'),'HCC 레더 클러브 설명13.jpg','HCC 레더 클러브 설명22.jpg','터그 라이트 롤 탑 백팩21.jpg','터그 라이트 롤 탑 백팩31.jpg');
Insert into CAMPCAMP.PRODUCTS (PRODUCT_NO,CATEGORY_CODE,PRODUCT_NAME,PRICE,OFF_PRICE,EXPLAIN,PRODUCT_IMG,PRODUCT_CNT,RATING,INPUT_DATE,EXPLAIN_IMG1,EXPLAIN_IMG2,PRODUCT_IMG2,PRODUCT_IMG3) values (10874,'UL','울트라 라이트 백팩',5500,4500,null,null,null,null,to_date('24/06/03','RR/MM/DD'),null,null,null,null);
Insert into CAMPCAMP.PRODUCTS (PRODUCT_NO,CATEGORY_CODE,PRODUCT_NAME,PRICE,OFF_PRICE,EXPLAIN,PRODUCT_IMG,PRODUCT_CNT,RATING,INPUT_DATE,EXPLAIN_IMG1,EXPLAIN_IMG2,PRODUCT_IMG2,PRODUCT_IMG3) values (10006,'CHA','그라운드 체어 코요테탄',78000,70000,null,'그라운드 체어  코요테탄11.jpg',null,null,to_date('24/05/30','RR/MM/DD'),'그라운드 체어 설명11.jpg','그라운드 체어 설명21.jpg','그라운드 체어  코요테탄21.jpg','그라운드 체어  코요테탄31.jpg');
Insert into CAMPCAMP.PRODUCTS (PRODUCT_NO,CATEGORY_CODE,PRODUCT_NAME,PRICE,OFF_PRICE,EXPLAIN,PRODUCT_IMG,PRODUCT_CNT,RATING,INPUT_DATE,EXPLAIN_IMG1,EXPLAIN_IMG2,PRODUCT_IMG2,PRODUCT_IMG3) values (10007,'CHA','노나돔 로 화이트',120000,104000,null,'노나돔 4.0 베드룸  로 화이트11.jpg',null,null,to_date('24/05/30','RR/MM/DD'),'노나돔 설명11.jpg','노나돔 설명21.jpg','노나돔 4.0 베드룸  로 화이트21.jpg','노나돔 4.0 베드룸  로 화이트31.jpg');
Insert into CAMPCAMP.PRODUCTS (PRODUCT_NO,CATEGORY_CODE,PRODUCT_NAME,PRICE,OFF_PRICE,EXPLAIN,PRODUCT_IMG,PRODUCT_CNT,RATING,INPUT_DATE,EXPLAIN_IMG1,EXPLAIN_IMG2,PRODUCT_IMG2,PRODUCT_IMG3) values (10012,'TE3','로얄박스 쉐이드 샌드',89000,77000,null,'로얄박스 쉐이드  샌드11.jpg',null,null,to_date('24/05/30','RR/MM/DD'),'로얄박스 쉐이드 설명12.jpg','로얄박스 쉐이드 설명22.jpg','로얄박스 쉐이드  샌드21.jpg','로얄박스 쉐이드  샌드31.jpg');
Insert into CAMPCAMP.PRODUCTS (PRODUCT_NO,CATEGORY_CODE,PRODUCT_NAME,PRICE,OFF_PRICE,EXPLAIN,PRODUCT_IMG,PRODUCT_CNT,RATING,INPUT_DATE,EXPLAIN_IMG1,EXPLAIN_IMG2,PRODUCT_IMG2,PRODUCT_IMG3) values (10023,'CH3','비치체어 블루 메쉬',88000,77000,null,'비치체어 블루 메쉬11.jpg',null,null,to_date('24/05/31','RR/MM/DD'),'그라운드 체어 설명13.jpg','그라운드 체어 설명23.jpg','비치체어 블루 메쉬21.jpg','비치체어 블루 메쉬31.jpg');
Insert into CAMPCAMP.PRODUCTS (PRODUCT_NO,CATEGORY_CODE,PRODUCT_NAME,PRICE,OFF_PRICE,EXPLAIN,PRODUCT_IMG,PRODUCT_CNT,RATING,INPUT_DATE,EXPLAIN_IMG1,EXPLAIN_IMG2,PRODUCT_IMG2,PRODUCT_IMG3) values (10004,'ETC','시에라 컵',23000,16000,null,'HCC 시에라컵1.jpg',null,null,to_date('24/05/30','RR/MM/DD'),'HCC 시에라컵3.jpg','HCC 시에라컵 설명2.jpg','HCC 시에라컵2.jpg','HCC 시에라컵 설명1.jpg');
Insert into CAMPCAMP.PRODUCTS (PRODUCT_NO,CATEGORY_CODE,PRODUCT_NAME,PRICE,OFF_PRICE,EXPLAIN,PRODUCT_IMG,PRODUCT_CNT,RATING,INPUT_DATE,EXPLAIN_IMG1,EXPLAIN_IMG2,PRODUCT_IMG2,PRODUCT_IMG3) values (10005,'CHA','레더 클러브',54000,48000,null,'HCC 레더 클러브 1.jpg',null,null,to_date('24/05/30','RR/MM/DD'),'HCC 레더 클러브 설명1.jpg','HCC 레더 클러브 설명2.jpg','HCC 레더 클러브 2.jpg','HCC 레더 클러브 3.jpg');
Insert into CAMPCAMP.PRODUCTS (PRODUCT_NO,CATEGORY_CODE,PRODUCT_NAME,PRICE,OFF_PRICE,EXPLAIN,PRODUCT_IMG,PRODUCT_CNT,RATING,INPUT_DATE,EXPLAIN_IMG1,EXPLAIN_IMG2,PRODUCT_IMG2,PRODUCT_IMG3) values (10022,'CH3','그라운드 체어 코요테탄',38000,34000,null,'그라운드 체어  코요테탄12.jpg',null,null,to_date('24/05/31','RR/MM/DD'),'그라운드 체어 설명12.jpg','그라운드 체어 설명22.jpg','그라운드 체어  코요테탄22.jpg','그라운드 체어  코요테탄33.jpg');
Insert into CAMPCAMP.PRODUCTS (PRODUCT_NO,CATEGORY_CODE,PRODUCT_NAME,PRICE,OFF_PRICE,EXPLAIN,PRODUCT_IMG,PRODUCT_CNT,RATING,INPUT_DATE,EXPLAIN_IMG1,EXPLAIN_IMG2,PRODUCT_IMG2,PRODUCT_IMG3) values (10870,'ETC','캠핑용 물티슈',2000,1800,null,'헬리녹스 캠핑 물티슈 11.jpg',null,null,to_date('24/06/03','RR/MM/DD'),'HCC 레더 클러브 설명12.jpg','HCC 레더 클러브 설명21.jpg','헬리녹스 캠핑 물티슈 21.jpg','헬리녹스 캠핑 물티슈 31.jpg');
REM INSERTING into CAMPCAMP.QNA
SET DEFINE OFF;
Insert into CAMPCAMP.QNA (BOARD_NO,USER_ID,TITLE,CONTENT,CREATE_DATE,BOARD_PW) values (87,'user01','배송문의','<p>평균 배송 소요일이 궁금합니다.</p><p>&nbsp;</p>',to_date('24/06/03','RR/MM/DD'),'1111');
Insert into CAMPCAMP.QNA (BOARD_NO,USER_ID,TITLE,CONTENT,CREATE_DATE,BOARD_PW) values (90,'user01','기타문의','<p>할인이 언제까지 진행되나요?</p>',to_date('24/06/03','RR/MM/DD'),'0000');
Insert into CAMPCAMP.QNA (BOARD_NO,USER_ID,TITLE,CONTENT,CREATE_DATE,BOARD_PW) values (91,'user01','배송문의','평균 배송소요일이 궁금합니다!!!',to_date('24/06/03','RR/MM/DD'),'1111');
Insert into CAMPCAMP.QNA (BOARD_NO,USER_ID,TITLE,CONTENT,CREATE_DATE,BOARD_PW) values (92,'user02','배송문의','<p>배송 평균 소요 기간을 알려주세요</p>',to_date('24/06/03','RR/MM/DD'),'1111');
REM INSERTING into CAMPCAMP.REPLY
SET DEFINE OFF;
Insert into CAMPCAMP.REPLY (REPLY_NO,BOARD_NO,REPLY,RDATE) values (31,89,'홈페이지 오픈일로부터 1년 입니다. 감사합니다.',to_date('24/06/03','RR/MM/DD'));
Insert into CAMPCAMP.REPLY (REPLY_NO,BOARD_NO,REPLY,RDATE) values (30,91,'평균 소요일은 3-5일 입니다. 감사합니다.',to_date('24/06/03','RR/MM/DD'));
Insert into CAMPCAMP.REPLY (REPLY_NO,BOARD_NO,REPLY,RDATE) values (32,92,'배송 평균 소요기간은 3~5일 입니다',to_date('24/06/03','RR/MM/DD'));
Insert into CAMPCAMP.REPLY (REPLY_NO,BOARD_NO,REPLY,RDATE) values (28,70,'배송완료되었습니다. 감사합니다.',to_date('24/06/03','RR/MM/DD'));
Insert into CAMPCAMP.REPLY (REPLY_NO,BOARD_NO,REPLY,RDATE) values (29,68,'동아알루미늄(DAC)입니다. 감사합니다.',to_date('24/06/03','RR/MM/DD'));
Insert into CAMPCAMP.REPLY (REPLY_NO,BOARD_NO,REPLY,RDATE) values (27,72,'하반기까지 진행 예정입니다. 감사합니다.',to_date('24/06/03','RR/MM/DD'));
REM INSERTING into CAMPCAMP.REVIEWS
SET DEFINE OFF;
Insert into CAMPCAMP.REVIEWS (REVIEW_NO,USER_ID,PRODUCT_NO,CONTENT,RDATE,RATING) values (20,'rkskekfk',10848,'bb~',to_date('24/06/03','RR/MM/DD'),5);
Insert into CAMPCAMP.REVIEWS (REVIEW_NO,USER_ID,PRODUCT_NO,CONTENT,RDATE,RATING) values (21,'rkrkrkrk',10848,'좋아요',to_date('24/06/03','RR/MM/DD'),5);
Insert into CAMPCAMP.REVIEWS (REVIEW_NO,USER_ID,PRODUCT_NO,CONTENT,RDATE,RATING) values (22,'rkrkrkrk',10868,'좋아요',to_date('24/06/03','RR/MM/DD'),5);
Insert into CAMPCAMP.REVIEWS (REVIEW_NO,USER_ID,PRODUCT_NO,CONTENT,RDATE,RATING) values (17,'user01',10857,'애매합니다',to_date('24/06/03','RR/MM/DD'),2);
Insert into CAMPCAMP.REVIEWS (REVIEW_NO,USER_ID,PRODUCT_NO,CONTENT,RDATE,RATING) values (18,'user01',10856,'이건 대체 어디에 쓰라고 만든걸까요',to_date('24/06/03','RR/MM/DD'),1);
Insert into CAMPCAMP.REVIEWS (REVIEW_NO,USER_ID,PRODUCT_NO,CONTENT,RDATE,RATING) values (16,'user01',10848,'좋아요~',to_date('24/06/03','RR/MM/DD'),5);
Insert into CAMPCAMP.REVIEWS (REVIEW_NO,USER_ID,PRODUCT_NO,CONTENT,RDATE,RATING) values (19,'user05',10848,'굿굿',to_date('24/06/03','RR/MM/DD'),4);
Insert into CAMPCAMP.REVIEWS (REVIEW_NO,USER_ID,PRODUCT_NO,CONTENT,RDATE,RATING) values (23,'admin',10865,'편안하고 좋다',to_date('24/06/03','RR/MM/DD'),5);
REM INSERTING into CAMPCAMP.USERS
SET DEFINE OFF;
Insert into CAMPCAMP.USERS (USER_ID,PASSWORD,USER_NAME,EMAIL,USER_TEL,HIRE_DATE,USER_RESP,ADDRESS) values ('admin','111111','관리자','eee@dee.dmo','000-100-0000',to_date('24/05/31','RR/MM/DD'),'admin','대구 동구');
Insert into CAMPCAMP.USERS (USER_ID,PASSWORD,USER_NAME,EMAIL,USER_TEL,HIRE_DATE,USER_RESP,ADDRESS) values ('zzzzz','zzzzz','zzzzz','zzzz@zzzz','01052938174',to_date('24/06/03','RR/MM/DD'),null,'zzzz');
Insert into CAMPCAMP.USERS (USER_ID,PASSWORD,USER_NAME,EMAIL,USER_TEL,HIRE_DATE,USER_RESP,ADDRESS) values ('user02','111111','김다은','ekdms@email','010-1111-1111',to_date('24/06/03','RR/MM/DD'),null,'대구 동구 동촌로 161-4');
Insert into CAMPCAMP.USERS (USER_ID,PASSWORD,USER_NAME,EMAIL,USER_TEL,HIRE_DATE,USER_RESP,ADDRESS) values ('thd8172','qweqwe12','송성혁','thd8172@naver.com','01052938174',to_date('24/06/03','RR/MM/DD'),null,'서울 서0초구 서초동 1464-3');
Insert into CAMPCAMP.USERS (USER_ID,PASSWORD,USER_NAME,EMAIL,USER_TEL,HIRE_DATE,USER_RESP,ADDRESS) values ('qweqwe12','qweqwe12','성혁','thd8172@naver.com','01052938174',to_date('24/06/03','RR/MM/DD'),null,'서울 서초구 바우뫼로 2');
Insert into CAMPCAMP.USERS (USER_ID,PASSWORD,USER_NAME,EMAIL,USER_TEL,HIRE_DATE,USER_RESP,ADDRESS) values ('csw255','111111','최석원','csw255@naver.com','010-9799-3289',to_date('24/06/03','RR/MM/DD'),null,'대구 중구 관덕정길 6-3');
Insert into CAMPCAMP.USERS (USER_ID,PASSWORD,USER_NAME,EMAIL,USER_TEL,HIRE_DATE,USER_RESP,ADDRESS) values ('user1','11111','송성혁','thd8172@naver.com','01000000000',to_date('24/06/03','RR/MM/DD'),null,'서울 송파구 바람드리길 2');
Insert into CAMPCAMP.USERS (USER_ID,PASSWORD,USER_NAME,EMAIL,USER_TEL,HIRE_DATE,USER_RESP,ADDRESS) values ('11111','11111','11111','hong@mail.com','010-2673-9923',to_date('24/06/03','RR/MM/DD'),null,'경기 의왕시 청계천자전거길 262');
Insert into CAMPCAMP.USERS (USER_ID,PASSWORD,USER_NAME,EMAIL,USER_TEL,HIRE_DATE,USER_RESP,ADDRESS) values ('user01','111111','김진형','mm@ala.co','010-1111-4111',to_date('24/06/03','RR/MM/DD'),null,'대구 중구 경상감영길 2');
Insert into CAMPCAMP.USERS (USER_ID,PASSWORD,USER_NAME,EMAIL,USER_TEL,HIRE_DATE,USER_RESP,ADDRESS) values ('rkrkrkrk','111111','가가가','ddd@nan.com','010-1111-4112',to_date('24/06/03','RR/MM/DD'),null,'대구 달성군 가창면 가창동로 3');
Insert into CAMPCAMP.USERS (USER_ID,PASSWORD,USER_NAME,EMAIL,USER_TEL,HIRE_DATE,USER_RESP,ADDRESS) values ('user05','111111','관리자','admin@email.com','010-0000-0000',to_date('00/05/30','RR/MM/DD'),'admin','캠캠');
Insert into CAMPCAMP.USERS (USER_ID,PASSWORD,USER_NAME,EMAIL,USER_TEL,HIRE_DATE,USER_RESP,ADDRESS) values ('user04','11111','송성혁','hong@naver','5918028490214',to_date('24/06/03','RR/MM/DD'),null,'서울 서초구 바우뫼로 2');
Insert into CAMPCAMP.USERS (USER_ID,PASSWORD,USER_NAME,EMAIL,USER_TEL,HIRE_DATE,USER_RESP,ADDRESS) values ('rkskekfk','111111','가나다','ddd@nan.com','010-4444-8888',to_date('24/06/03','RR/MM/DD'),null,'부산 영도구 대교로 1');
Insert into CAMPCAMP.USERS (USER_ID,PASSWORD,USER_NAME,EMAIL,USER_TEL,HIRE_DATE,USER_RESP,ADDRESS) values ('thd817211123123','qweqwe12','김김김','01000023132@aswasda','01052938174',to_date('24/06/03','RR/MM/DD'),null,null);
--------------------------------------------------------
--  DDL for Index PK_CARTS
--------------------------------------------------------

  CREATE UNIQUE INDEX "CAMPCAMP"."PK_CARTS" ON "CAMPCAMP"."CARTS" ("CART_NO", "USER_ID", "PRODUCT_NO") 
  PCTFREE 10 INITRANS 2 MAXTRANS 255 COMPUTE STATISTICS 
  STORAGE(INITIAL 65536 NEXT 1048576 MINEXTENTS 1 MAXEXTENTS 2147483645
  PCTINCREASE 0 FREELISTS 1 FREELIST GROUPS 1
  BUFFER_POOL DEFAULT FLASH_CACHE DEFAULT CELL_FLASH_CACHE DEFAULT)
  TABLESPACE "USERS" ;
--------------------------------------------------------
--  DDL for Index PK_LIKES
--------------------------------------------------------

  CREATE UNIQUE INDEX "CAMPCAMP"."PK_LIKES" ON "CAMPCAMP"."LIKES" ("USER_ID", "PRODUCT_NO") 
  PCTFREE 10 INITRANS 2 MAXTRANS 255 COMPUTE STATISTICS 
  STORAGE(INITIAL 65536 NEXT 1048576 MINEXTENTS 1 MAXEXTENTS 2147483645
  PCTINCREASE 0 FREELISTS 1 FREELIST GROUPS 1
  BUFFER_POOL DEFAULT FLASH_CACHE DEFAULT CELL_FLASH_CACHE DEFAULT)
  TABLESPACE "USERS" ;
--------------------------------------------------------
--  DDL for Index PK_QNA
--------------------------------------------------------

  CREATE UNIQUE INDEX "CAMPCAMP"."PK_QNA" ON "CAMPCAMP"."QNA" ("BOARD_NO", "USER_ID") 
  PCTFREE 10 INITRANS 2 MAXTRANS 255 COMPUTE STATISTICS 
  STORAGE(INITIAL 65536 NEXT 1048576 MINEXTENTS 1 MAXEXTENTS 2147483645
  PCTINCREASE 0 FREELISTS 1 FREELIST GROUPS 1
  BUFFER_POOL DEFAULT FLASH_CACHE DEFAULT CELL_FLASH_CACHE DEFAULT)
  TABLESPACE "USERS" ;
--------------------------------------------------------
--  DDL for Index PK_CATEGORY
--------------------------------------------------------

  CREATE UNIQUE INDEX "CAMPCAMP"."PK_CATEGORY" ON "CAMPCAMP"."CATEGORY" ("CATEGORY_CODE") 
  PCTFREE 10 INITRANS 2 MAXTRANS 255 COMPUTE STATISTICS 
  STORAGE(INITIAL 65536 NEXT 1048576 MINEXTENTS 1 MAXEXTENTS 2147483645
  PCTINCREASE 0 FREELISTS 1 FREELIST GROUPS 1
  BUFFER_POOL DEFAULT FLASH_CACHE DEFAULT CELL_FLASH_CACHE DEFAULT)
  TABLESPACE "USERS" ;
--------------------------------------------------------
--  DDL for Index PK_REPLY
--------------------------------------------------------

  CREATE UNIQUE INDEX "CAMPCAMP"."PK_REPLY" ON "CAMPCAMP"."REPLY" ("REPLY_NO", "BOARD_NO") 
  PCTFREE 10 INITRANS 2 MAXTRANS 255 COMPUTE STATISTICS 
  STORAGE(INITIAL 65536 NEXT 1048576 MINEXTENTS 1 MAXEXTENTS 2147483645
  PCTINCREASE 0 FREELISTS 1 FREELIST GROUPS 1
  BUFFER_POOL DEFAULT FLASH_CACHE DEFAULT CELL_FLASH_CACHE DEFAULT)
  TABLESPACE "USERS" ;
--------------------------------------------------------
--  DDL for Index PK_USERS
--------------------------------------------------------

  CREATE UNIQUE INDEX "CAMPCAMP"."PK_USERS" ON "CAMPCAMP"."USERS" ("USER_ID") 
  PCTFREE 10 INITRANS 2 MAXTRANS 255 COMPUTE STATISTICS 
  STORAGE(INITIAL 65536 NEXT 1048576 MINEXTENTS 1 MAXEXTENTS 2147483645
  PCTINCREASE 0 FREELISTS 1 FREELIST GROUPS 1
  BUFFER_POOL DEFAULT FLASH_CACHE DEFAULT CELL_FLASH_CACHE DEFAULT)
  TABLESPACE "USERS" ;
--------------------------------------------------------
--  DDL for Index PK_ORDERDETAIL
--------------------------------------------------------

  CREATE UNIQUE INDEX "CAMPCAMP"."PK_ORDERDETAIL" ON "CAMPCAMP"."ORDERDETAIL" ("ORDER_DETAIL_NO", "ORDER_NO", "USER_ID") 
  PCTFREE 10 INITRANS 2 MAXTRANS 255 COMPUTE STATISTICS 
  STORAGE(INITIAL 65536 NEXT 1048576 MINEXTENTS 1 MAXEXTENTS 2147483645
  PCTINCREASE 0 FREELISTS 1 FREELIST GROUPS 1
  BUFFER_POOL DEFAULT FLASH_CACHE DEFAULT CELL_FLASH_CACHE DEFAULT)
  TABLESPACE "USERS" ;
--------------------------------------------------------
--  DDL for Index PK_ORDERS
--------------------------------------------------------

  CREATE UNIQUE INDEX "CAMPCAMP"."PK_ORDERS" ON "CAMPCAMP"."ORDERS" ("ORDER_NO", "CART_NO", "USER_ID") 
  PCTFREE 10 INITRANS 2 MAXTRANS 255 COMPUTE STATISTICS 
  STORAGE(INITIAL 65536 NEXT 1048576 MINEXTENTS 1 MAXEXTENTS 2147483645
  PCTINCREASE 0 FREELISTS 1 FREELIST GROUPS 1
  BUFFER_POOL DEFAULT FLASH_CACHE DEFAULT CELL_FLASH_CACHE DEFAULT)
  TABLESPACE "USERS" ;
--------------------------------------------------------
--  DDL for Index PK_PRODUCTS
--------------------------------------------------------

  CREATE UNIQUE INDEX "CAMPCAMP"."PK_PRODUCTS" ON "CAMPCAMP"."PRODUCTS" ("PRODUCT_NO", "CATEGORY_CODE") 
  PCTFREE 10 INITRANS 2 MAXTRANS 255 COMPUTE STATISTICS 
  STORAGE(INITIAL 65536 NEXT 1048576 MINEXTENTS 1 MAXEXTENTS 2147483645
  PCTINCREASE 0 FREELISTS 1 FREELIST GROUPS 1
  BUFFER_POOL DEFAULT FLASH_CACHE DEFAULT CELL_FLASH_CACHE DEFAULT)
  TABLESPACE "USERS" ;
--------------------------------------------------------
--  DDL for Index PK_REVIEWS
--------------------------------------------------------

  CREATE UNIQUE INDEX "CAMPCAMP"."PK_REVIEWS" ON "CAMPCAMP"."REVIEWS" ("REVIEW_NO", "USER_ID", "PRODUCT_NO") 
  PCTFREE 10 INITRANS 2 MAXTRANS 255 COMPUTE STATISTICS 
  STORAGE(INITIAL 65536 NEXT 1048576 MINEXTENTS 1 MAXEXTENTS 2147483645
  PCTINCREASE 0 FREELISTS 1 FREELIST GROUPS 1
  BUFFER_POOL DEFAULT FLASH_CACHE DEFAULT CELL_FLASH_CACHE DEFAULT)
  TABLESPACE "USERS" ;
--------------------------------------------------------
--  DDL for Index PK_DELIVERY
--------------------------------------------------------

  CREATE UNIQUE INDEX "CAMPCAMP"."PK_DELIVERY" ON "CAMPCAMP"."DELIVERY" ("DELI_NO", "USER_ID", "ORDER_NO") 
  PCTFREE 10 INITRANS 2 MAXTRANS 255 COMPUTE STATISTICS 
  STORAGE(INITIAL 65536 NEXT 1048576 MINEXTENTS 1 MAXEXTENTS 2147483645
  PCTINCREASE 0 FREELISTS 1 FREELIST GROUPS 1
  BUFFER_POOL DEFAULT FLASH_CACHE DEFAULT CELL_FLASH_CACHE DEFAULT)
  TABLESPACE "USERS" ;
--------------------------------------------------------
--  Constraints for Table LIKES
--------------------------------------------------------

  ALTER TABLE "CAMPCAMP"."LIKES" MODIFY ("USER_ID" NOT NULL ENABLE);
  ALTER TABLE "CAMPCAMP"."LIKES" MODIFY ("PRODUCT_NO" NOT NULL ENABLE);
  ALTER TABLE "CAMPCAMP"."LIKES" ADD CONSTRAINT "PK_LIKES" PRIMARY KEY ("USER_ID", "PRODUCT_NO")
  USING INDEX PCTFREE 10 INITRANS 2 MAXTRANS 255 COMPUTE STATISTICS 
  STORAGE(INITIAL 65536 NEXT 1048576 MINEXTENTS 1 MAXEXTENTS 2147483645
  PCTINCREASE 0 FREELISTS 1 FREELIST GROUPS 1
  BUFFER_POOL DEFAULT FLASH_CACHE DEFAULT CELL_FLASH_CACHE DEFAULT)
  TABLESPACE "USERS"  ENABLE;
--------------------------------------------------------
--  Constraints for Table USERS
--------------------------------------------------------

  ALTER TABLE "CAMPCAMP"."USERS" MODIFY ("USER_ID" NOT NULL ENABLE);
  ALTER TABLE "CAMPCAMP"."USERS" ADD CONSTRAINT "PK_USERS" PRIMARY KEY ("USER_ID")
  USING INDEX PCTFREE 10 INITRANS 2 MAXTRANS 255 COMPUTE STATISTICS 
  STORAGE(INITIAL 65536 NEXT 1048576 MINEXTENTS 1 MAXEXTENTS 2147483645
  PCTINCREASE 0 FREELISTS 1 FREELIST GROUPS 1
  BUFFER_POOL DEFAULT FLASH_CACHE DEFAULT CELL_FLASH_CACHE DEFAULT)
  TABLESPACE "USERS"  ENABLE;
--------------------------------------------------------
--  Constraints for Table REVIEWS
--------------------------------------------------------

  ALTER TABLE "CAMPCAMP"."REVIEWS" MODIFY ("REVIEW_NO" NOT NULL ENABLE);
  ALTER TABLE "CAMPCAMP"."REVIEWS" MODIFY ("USER_ID" NOT NULL ENABLE);
  ALTER TABLE "CAMPCAMP"."REVIEWS" MODIFY ("PRODUCT_NO" NOT NULL ENABLE);
  ALTER TABLE "CAMPCAMP"."REVIEWS" ADD CONSTRAINT "PK_REVIEWS" PRIMARY KEY ("REVIEW_NO", "USER_ID", "PRODUCT_NO")
  USING INDEX PCTFREE 10 INITRANS 2 MAXTRANS 255 COMPUTE STATISTICS 
  STORAGE(INITIAL 65536 NEXT 1048576 MINEXTENTS 1 MAXEXTENTS 2147483645
  PCTINCREASE 0 FREELISTS 1 FREELIST GROUPS 1
  BUFFER_POOL DEFAULT FLASH_CACHE DEFAULT CELL_FLASH_CACHE DEFAULT)
  TABLESPACE "USERS"  ENABLE;
  ALTER TABLE "CAMPCAMP"."REVIEWS" MODIFY ("RATING" NOT NULL ENABLE);
--------------------------------------------------------
--  Constraints for Table NOTICE
--------------------------------------------------------

  ALTER TABLE "CAMPCAMP"."NOTICE" MODIFY ("USER_ID" NOT NULL ENABLE);
  ALTER TABLE "CAMPCAMP"."NOTICE" MODIFY ("NOTICE_SUBJECT" NOT NULL ENABLE);
  ALTER TABLE "CAMPCAMP"."NOTICE" MODIFY ("NOTICE_CONTENT" NOT NULL ENABLE);
  ALTER TABLE "CAMPCAMP"."NOTICE" ADD PRIMARY KEY ("NOTICE_NO")
  USING INDEX PCTFREE 10 INITRANS 2 MAXTRANS 255 
  STORAGE(INITIAL 65536 NEXT 1048576 MINEXTENTS 1 MAXEXTENTS 2147483645
  PCTINCREASE 0 FREELISTS 1 FREELIST GROUPS 1
  BUFFER_POOL DEFAULT FLASH_CACHE DEFAULT CELL_FLASH_CACHE DEFAULT)
  TABLESPACE "USERS"  ENABLE;
--------------------------------------------------------
--  Constraints for Table ORDERS
--------------------------------------------------------

  ALTER TABLE "CAMPCAMP"."ORDERS" MODIFY ("ORDER_NO" NOT NULL ENABLE);
  ALTER TABLE "CAMPCAMP"."ORDERS" MODIFY ("CART_NO" NOT NULL ENABLE);
  ALTER TABLE "CAMPCAMP"."ORDERS" MODIFY ("USER_ID" NOT NULL ENABLE);
  ALTER TABLE "CAMPCAMP"."ORDERS" ADD CONSTRAINT "PK_ORDERS" PRIMARY KEY ("ORDER_NO", "CART_NO", "USER_ID")
  USING INDEX PCTFREE 10 INITRANS 2 MAXTRANS 255 COMPUTE STATISTICS 
  STORAGE(INITIAL 65536 NEXT 1048576 MINEXTENTS 1 MAXEXTENTS 2147483645
  PCTINCREASE 0 FREELISTS 1 FREELIST GROUPS 1
  BUFFER_POOL DEFAULT FLASH_CACHE DEFAULT CELL_FLASH_CACHE DEFAULT)
  TABLESPACE "USERS"  ENABLE;
--------------------------------------------------------
--  Constraints for Table REPLY
--------------------------------------------------------

  ALTER TABLE "CAMPCAMP"."REPLY" MODIFY ("REPLY_NO" NOT NULL ENABLE);
  ALTER TABLE "CAMPCAMP"."REPLY" MODIFY ("BOARD_NO" NOT NULL ENABLE);
  ALTER TABLE "CAMPCAMP"."REPLY" ADD CONSTRAINT "PK_REPLY" PRIMARY KEY ("REPLY_NO", "BOARD_NO")
  USING INDEX PCTFREE 10 INITRANS 2 MAXTRANS 255 COMPUTE STATISTICS 
  STORAGE(INITIAL 65536 NEXT 1048576 MINEXTENTS 1 MAXEXTENTS 2147483645
  PCTINCREASE 0 FREELISTS 1 FREELIST GROUPS 1
  BUFFER_POOL DEFAULT FLASH_CACHE DEFAULT CELL_FLASH_CACHE DEFAULT)
  TABLESPACE "USERS"  ENABLE;
--------------------------------------------------------
--  Constraints for Table PRODUCTS
--------------------------------------------------------

  ALTER TABLE "CAMPCAMP"."PRODUCTS" MODIFY ("PRODUCT_NO" NOT NULL ENABLE);
  ALTER TABLE "CAMPCAMP"."PRODUCTS" MODIFY ("CATEGORY_CODE" NOT NULL ENABLE);
  ALTER TABLE "CAMPCAMP"."PRODUCTS" ADD CONSTRAINT "PK_PRODUCTS" PRIMARY KEY ("PRODUCT_NO", "CATEGORY_CODE")
  USING INDEX PCTFREE 10 INITRANS 2 MAXTRANS 255 COMPUTE STATISTICS 
  STORAGE(INITIAL 65536 NEXT 1048576 MINEXTENTS 1 MAXEXTENTS 2147483645
  PCTINCREASE 0 FREELISTS 1 FREELIST GROUPS 1
  BUFFER_POOL DEFAULT FLASH_CACHE DEFAULT CELL_FLASH_CACHE DEFAULT)
  TABLESPACE "USERS"  ENABLE;
--------------------------------------------------------
--  Constraints for Table DELIVERY
--------------------------------------------------------

  ALTER TABLE "CAMPCAMP"."DELIVERY" MODIFY ("DELI_NO" NOT NULL ENABLE);
  ALTER TABLE "CAMPCAMP"."DELIVERY" MODIFY ("USER_ID" NOT NULL ENABLE);
  ALTER TABLE "CAMPCAMP"."DELIVERY" MODIFY ("ORDER_NO" NOT NULL ENABLE);
  ALTER TABLE "CAMPCAMP"."DELIVERY" ADD CONSTRAINT "PK_DELIVERY" PRIMARY KEY ("DELI_NO", "USER_ID", "ORDER_NO")
  USING INDEX PCTFREE 10 INITRANS 2 MAXTRANS 255 COMPUTE STATISTICS 
  STORAGE(INITIAL 65536 NEXT 1048576 MINEXTENTS 1 MAXEXTENTS 2147483645
  PCTINCREASE 0 FREELISTS 1 FREELIST GROUPS 1
  BUFFER_POOL DEFAULT FLASH_CACHE DEFAULT CELL_FLASH_CACHE DEFAULT)
  TABLESPACE "USERS"  ENABLE;
--------------------------------------------------------
--  Constraints for Table ORDERDETAIL
--------------------------------------------------------

  ALTER TABLE "CAMPCAMP"."ORDERDETAIL" MODIFY ("ORDER_NO" NOT NULL ENABLE);
  ALTER TABLE "CAMPCAMP"."ORDERDETAIL" MODIFY ("USER_ID" NOT NULL ENABLE);
  ALTER TABLE "CAMPCAMP"."ORDERDETAIL" ADD CONSTRAINT "PK_ORDERDETAIL" PRIMARY KEY ("ORDER_DETAIL_NO", "ORDER_NO", "USER_ID")
  USING INDEX PCTFREE 10 INITRANS 2 MAXTRANS 255 COMPUTE STATISTICS 
  STORAGE(INITIAL 65536 NEXT 1048576 MINEXTENTS 1 MAXEXTENTS 2147483645
  PCTINCREASE 0 FREELISTS 1 FREELIST GROUPS 1
  BUFFER_POOL DEFAULT FLASH_CACHE DEFAULT CELL_FLASH_CACHE DEFAULT)
  TABLESPACE "USERS"  ENABLE;
--------------------------------------------------------
--  Constraints for Table QNA
--------------------------------------------------------

  ALTER TABLE "CAMPCAMP"."QNA" MODIFY ("BOARD_NO" NOT NULL ENABLE);
  ALTER TABLE "CAMPCAMP"."QNA" MODIFY ("USER_ID" NOT NULL ENABLE);
  ALTER TABLE "CAMPCAMP"."QNA" ADD CONSTRAINT "PK_QNA" PRIMARY KEY ("BOARD_NO", "USER_ID")
  USING INDEX PCTFREE 10 INITRANS 2 MAXTRANS 255 COMPUTE STATISTICS 
  STORAGE(INITIAL 65536 NEXT 1048576 MINEXTENTS 1 MAXEXTENTS 2147483645
  PCTINCREASE 0 FREELISTS 1 FREELIST GROUPS 1
  BUFFER_POOL DEFAULT FLASH_CACHE DEFAULT CELL_FLASH_CACHE DEFAULT)
  TABLESPACE "USERS"  ENABLE;
  ALTER TABLE "CAMPCAMP"."QNA" MODIFY ("TITLE" NOT NULL ENABLE);
  ALTER TABLE "CAMPCAMP"."QNA" MODIFY ("CONTENT" NOT NULL ENABLE);
  ALTER TABLE "CAMPCAMP"."QNA" MODIFY ("BOARD_PW" NOT NULL ENABLE);
--------------------------------------------------------
--  Constraints for Table CATEGORY
--------------------------------------------------------

  ALTER TABLE "CAMPCAMP"."CATEGORY" MODIFY ("CATEGORY_CODE" NOT NULL ENABLE);
  ALTER TABLE "CAMPCAMP"."CATEGORY" ADD CONSTRAINT "PK_CATEGORY" PRIMARY KEY ("CATEGORY_CODE")
  USING INDEX PCTFREE 10 INITRANS 2 MAXTRANS 255 COMPUTE STATISTICS 
  STORAGE(INITIAL 65536 NEXT 1048576 MINEXTENTS 1 MAXEXTENTS 2147483645
  PCTINCREASE 0 FREELISTS 1 FREELIST GROUPS 1
  BUFFER_POOL DEFAULT FLASH_CACHE DEFAULT CELL_FLASH_CACHE DEFAULT)
  TABLESPACE "USERS"  ENABLE;
--------------------------------------------------------
--  Constraints for Table CARTS
--------------------------------------------------------

  ALTER TABLE "CAMPCAMP"."CARTS" MODIFY ("CART_NO" NOT NULL ENABLE);
  ALTER TABLE "CAMPCAMP"."CARTS" MODIFY ("USER_ID" NOT NULL ENABLE);
  ALTER TABLE "CAMPCAMP"."CARTS" MODIFY ("PRODUCT_NO" NOT NULL ENABLE);
  ALTER TABLE "CAMPCAMP"."CARTS" ADD CONSTRAINT "PK_CARTS" PRIMARY KEY ("CART_NO", "USER_ID", "PRODUCT_NO")
  USING INDEX PCTFREE 10 INITRANS 2 MAXTRANS 255 COMPUTE STATISTICS 
  STORAGE(INITIAL 65536 NEXT 1048576 MINEXTENTS 1 MAXEXTENTS 2147483645
  PCTINCREASE 0 FREELISTS 1 FREELIST GROUPS 1
  BUFFER_POOL DEFAULT FLASH_CACHE DEFAULT CELL_FLASH_CACHE DEFAULT)
  TABLESPACE "USERS"  ENABLE;
--------------------------------------------------------
--  Ref Constraints for Table CARTS
--------------------------------------------------------

  ALTER TABLE "CAMPCAMP"."CARTS" ADD CONSTRAINT "FK_USERS_TO_CARTS_1" FOREIGN KEY ("USER_ID")
	  REFERENCES "CAMPCAMP"."USERS" ("USER_ID") ON DELETE CASCADE ENABLE;
--------------------------------------------------------
--  Ref Constraints for Table DELIVERY
--------------------------------------------------------

  ALTER TABLE "CAMPCAMP"."DELIVERY" ADD CONSTRAINT "FK_FK_USERS_TO_DELIVERY_1" FOREIGN KEY ("USER_ID")
	  REFERENCES "CAMPCAMP"."USERS" ("USER_ID") ON DELETE CASCADE ENABLE;
--------------------------------------------------------
--  Ref Constraints for Table LIKES
--------------------------------------------------------

  ALTER TABLE "CAMPCAMP"."LIKES" ADD CONSTRAINT "FK_USERS_TO_LIKES_1" FOREIGN KEY ("USER_ID")
	  REFERENCES "CAMPCAMP"."USERS" ("USER_ID") ON DELETE CASCADE ENABLE;
--------------------------------------------------------
--  Ref Constraints for Table PRODUCTS
--------------------------------------------------------

  ALTER TABLE "CAMPCAMP"."PRODUCTS" ADD CONSTRAINT "FK_CATEGORY_TO_PRODUCTS_1" FOREIGN KEY ("CATEGORY_CODE")
	  REFERENCES "CAMPCAMP"."CATEGORY" ("CATEGORY_CODE") ENABLE;
--------------------------------------------------------
--  Ref Constraints for Table QNA
--------------------------------------------------------

  ALTER TABLE "CAMPCAMP"."QNA" ADD CONSTRAINT "FK_USERS_TO_QNA_1" FOREIGN KEY ("USER_ID")
	  REFERENCES "CAMPCAMP"."USERS" ("USER_ID") ON DELETE CASCADE ENABLE;
--------------------------------------------------------
--  Ref Constraints for Table REVIEWS
--------------------------------------------------------

  ALTER TABLE "CAMPCAMP"."REVIEWS" ADD CONSTRAINT "FK_USERS_TO_REVIEWS_1" FOREIGN KEY ("USER_ID")
	  REFERENCES "CAMPCAMP"."USERS" ("USER_ID") ON DELETE CASCADE ENABLE;
